source,symbol,rows,start,end,bad_high,bad_low,flat_bars_pct,has_ohlc,max_abs_daily_move_pct,max_gap_days
BTC CoinMetrics 2009-2026 (close),BTC_CM,5789,2010-07-18,2026-05-23,0,0,100.0,False,54.8,1
"BTCUSD 2012-2026 (1min -> 1D, OHLCV)",BTCUSD,5375,2012-01-01,2026-09-18,0,0,0.07,True,48.5,1
"BTCUSD 2012-2026 (1min -> 4H, OHLCV)",BTCUSD_4h,32245,2012-01-01,2026-09-18,0,0,1.17,True,50.6,0
Brent 1987-2026 (close),BRENT,9087,1987-05-20,2026-09-15,0,0,100.0,False,51.0,13
ETH CoinMetrics 2015-2026 (close),ETH_CM,3942,2015-08-08,2026-05-23,0,0,100.0,False,46.3,1
S&P500 505 actions 2013-2018 (OHLCV),A,1259,2013-02-08,2018-02-07,0,0,0.0,True,26.1,4
S&P500 505 actions 2013-2018 (OHLCV),AAL,1259,2013-02-08,2018-02-07,0,0,0.0,True,13.1,4
S&P500 505 actions 2013-2018 (OHLCV),AAP,1259,2013-02-08,2018-02-07,0,0,0.0,True,20.3,4
S&P500 505 actions 2013-2018 (OHLCV),AAPL,1259,2013-02-08,2018-02-07,0,0,0.0,True,8.2,4
S&P500 505 actions 2013-2018 (OHLCV),ABBV,1259,2013-02-08,2018-02-07,0,0,0.0,True,13.8,4
S&P500 505 actions 2013-2018 (OHLCV),ABC,1259,2013-02-08,2018-02-07,0,0,0.0,True,13.0,4
S&P500 505 actions 2013-2018 (OHLCV),ABT,1259,2013-02-08,2018-02-07,0,0,0.0,True,9.3,4
S&P500 505 actions 2013-2018 (OHLCV),ACN,1259,2013-02-08,2018-02-07,0,0,0.0,True,10.3,4
S&P500 505 actions 2013-2018 (OHLCV),ADBE,1259,2013-02-08,2018-02-07,0,0,0.0,True,12.8,4
S&P500 505 actions 2013-2018 (OHLCV),ADI,1259,2013-02-08,2018-02-07,0,0,0.0,True,10.1,4
S&P500 505 actions 2013-2018 (OHLCV),ADM,1259,2013-02-08,2018-02-07,0,0,0.0,True,8.9,4
S&P500 505 actions 2013-2018 (OHLCV),ADP,1259,2013-02-08,2018-02-07,0,0,0.0,True,14.0,4
S&P500 505 actions 2013-2018 (OHLCV),ADS,1259,2013-02-08,2018-02-07,0,0,0.0,True,19.4,4
S&P500 505 actions 2013-2018 (OHLCV),ADSK,1259,2013-02-08,2018-02-07,0,0,0.0,True,15.9,4
S&P500 505 actions 2013-2018 (OHLCV),AEE,1259,2013-02-08,2018-02-07,0,0,0.0,True,5.3,4
S&P500 505 actions 2013-2018 (OHLCV),AEP,1259,2013-02-08,2018-02-07,0,0,0.0,True,5.6,4
S&P500 505 actions 2013-2018 (OHLCV),AES,1259,2013-02-08,2018-02-07,0,0,0.0,True,8.7,4
S&P500 505 actions 2013-2018 (OHLCV),AET,1259,2013-02-08,2018-02-07,0,0,0.0,True,11.5,4
S&P500 505 actions 2013-2018 (OHLCV),AFL,1259,2013-02-08,2018-02-07,0,0,0.0,True,7.4,4
S&P500 505 actions 2013-2018 (OHLCV),AGN,1259,2013-02-08,2018-02-07,0,0,0.0,True,14.8,4
S&P500 505 actions 2013-2018 (OHLCV),AIG,1259,2013-02-08,2018-02-07,0,0,0.0,True,9.0,4
S&P500 505 actions 2013-2018 (OHLCV),AIV,1259,2013-02-08,2018-02-07,0,0,0.0,True,6.7,4
S&P500 505 actions 2013-2018 (OHLCV),AIZ,1259,2013-02-08,2018-02-07,0,0,0.0,True,13.4,4
S&P500 505 actions 2013-2018 (OHLCV),AJG,1259,2013-02-08,2018-02-07,0,0,0.0,True,7.4,4
S&P500 505 actions 2013-2018 (OHLCV),AKAM,1259,2013-02-08,2018-02-07,0,0,0.0,True,21.2,4
S&P500 505 actions 2013-2018 (OHLCV),ALB,1259,2013-02-08,2018-02-07,0,0,0.0,True,13.7,4
S&P500 505 actions 2013-2018 (OHLCV),ALGN,1259,2013-02-08,2018-02-07,0,0,0.0,True,26.2,4
S&P500 505 actions 2013-2018 (OHLCV),ALK,1259,2013-02-08,2018-02-07,0,0,0.0,True,13.1,4
S&P500 505 actions 2013-2018 (OHLCV),ALL,1259,2013-02-08,2018-02-07,0,0,0.0,True,10.1,4
S&P500 505 actions 2013-2018 (OHLCV),ALLE,1063,2013-11-18,2018-02-07,0,0,0.0,True,6.7,4
S&P500 505 actions 2013-2018 (OHLCV),ALXN,1259,2013-02-08,2018-02-07,0,0,0.0,True,21.1,4
S&P500 505 actions 2013-2018 (OHLCV),AMAT,1259,2013-02-08,2018-02-07,0,0,0.0,True,13.8,4
S&P500 505 actions 2013-2018 (OHLCV),AMD,1259,2013-02-08,2018-02-07,0,0,0.0,True,52.3,4
S&P500 505 actions 2013-2018 (OHLCV),AME,1259,2013-02-08,2018-02-07,0,0,0.0,True,8.1,4
S&P500 505 actions 2013-2018 (OHLCV),AMG,1259,2013-02-08,2018-02-07,0,0,0.0,True,11.6,4
S&P500 505 actions 2013-2018 (OHLCV),AMGN,1259,2013-02-08,2018-02-07,0,0,0.0,True,9.6,4
S&P500 505 actions 2013-2018 (OHLCV),AMP,1259,2013-02-08,2018-02-07,0,0,0.0,True,12.4,4
S&P500 505 actions 2013-2018 (OHLCV),AMT,1259,2013-02-08,2018-02-07,0,0,0.0,True,5.8,4
S&P500 505 actions 2013-2018 (OHLCV),AMZN,1259,2013-02-08,2018-02-07,0,0,0.0,True,14.1,4
S&P500 505 actions 2013-2018 (OHLCV),ANDV,1259,2013-02-08,2018-02-07,0,0,0.0,True,12.2,4
S&P500 505 actions 2013-2018 (OHLCV),ANSS,1259,2013-02-08,2018-02-07,0,0,0.0,True,11.4,4
S&P500 505 actions 2013-2018 (OHLCV),ANTM,1259,2013-02-08,2018-02-07,0,0,0.0,True,6.9,4
S&P500 505 actions 2013-2018 (OHLCV),AON,1259,2013-02-08,2018-02-07,0,0,0.0,True,9.1,4
S&P500 505 actions 2013-2018 (OHLCV),AOS,1259,2013-02-08,2018-02-07,1,0,0.0,True,7.9,4
S&P500 505 actions 2013-2018 (OHLCV),APA,1259,2013-02-08,2018-02-07,0,0,0.0,True,13.2,4
S&P500 505 actions 2013-2018 (OHLCV),APC,1259,2013-02-08,2018-02-07,0,0,0.0,True,14.9,4
S&P500 505 actions 2013-2018 (OHLCV),APD,1259,2013-02-08,2018-02-07,0,0,0.0,True,7.5,4
S&P500 505 actions 2013-2018 (OHLCV),APH,1259,2013-02-08,2018-02-07,0,0,0.0,True,9.7,4
S&P500 505 actions 2013-2018 (OHLCV),ARE,1259,2013-02-08,2018-02-07,0,0,0.0,True,6.4,4
S&P500 505 actions 2013-2018 (OHLCV),ARNC,1259,2013-02-08,2018-02-07,0,0,0.0,True,34.1,4
S&P500 505 actions 2013-2018 (OHLCV),ATVI,1259,2013-02-08,2018-02-07,0,0,0.0,True,18.9,4
S&P500 505 actions 2013-2018 (OHLCV),AVB,1259,2013-02-08,2018-02-07,0,0,0.0,True,4.5,4
S&P500 505 actions 2013-2018 (OHLCV),AVGO,1259,2013-02-08,2018-02-07,0,0,0.0,True,14.7,4
S&P500 505 actions 2013-2018 (OHLCV),AVY,1259,2013-02-08,2018-02-07,0,0,0.0,True,9.1,4
S&P500 505 actions 2013-2018 (OHLCV),AWK,1259,2013-02-08,2018-02-07,0,0,0.0,True,5.3,4
S&P500 505 actions 2013-2018 (OHLCV),AXP,1259,2013-02-08,2018-02-07,0,0,0.0,True,12.1,4
S&P500 505 actions 2013-2018 (OHLCV),AYI,1259,2013-02-08,2018-02-07,0,0,0.0,True,15.0,4
S&P500 505 actions 2013-2018 (OHLCV),AZO,1259,2013-02-08,2018-02-07,0,0,0.0,True,11.8,4
S&P500 505 actions 2013-2018 (OHLCV),BA,1259,2013-02-08,2018-02-07,0,0,0.0,True,9.9,4
S&P500 505 actions 2013-2018 (OHLCV),BAC,1259,2013-02-08,2018-02-07,0,0,0.0,True,7.4,4
S&P500 505 actions 2013-2018 (OHLCV),BAX,1259,2013-02-08,2018-02-07,0,0,0.0,True,44.4,4
S&P500 505 actions 2013-2018 (OHLCV),BBT,1259,2013-02-08,2018-02-07,0,0,0.0,True,6.6,4
S&P500 505 actions 2013-2018 (OHLCV),BBY,1259,2013-02-08,2018-02-07,0,1,0.0,True,28.6,4
S&P500 505 actions 2013-2018 (OHLCV),BDX,1259,2013-02-08,2018-02-07,0,0,0.0,True,7.9,4
S&P500 505 actions 2013-2018 (OHLCV),BEN,1259,2013-02-08,2018-02-07,0,0,0.0,True,12.4,4
S&P500 505 actions 2013-2018 (OHLCV),BF.B,1259,2013-02-08,2018-02-07,0,0,0.0,True,7.5,4
S&P500 505 actions 2013-2018 (OHLCV),BIIB,1259,2013-02-08,2018-02-07,0,0,0.0,True,22.1,4
S&P500 505 actions 2013-2018 (OHLCV),BK,1259,2013-02-08,2018-02-07,0,0,0.0,True,8.5,4
S&P500 505 actions 2013-2018 (OHLCV),BLK,1259,2013-02-08,2018-02-07,0,0,0.0,True,6.8,4
S&P500 505 actions 2013-2018 (OHLCV),BLL,1259,2013-02-08,2018-02-07,0,0,0.0,True,12.0,4
S&P500 505 actions 2013-2018 (OHLCV),BMY,1257,2013-02-08,2018-02-07,0,0,0.0,True,16.0,4
S&P500 505 actions 2013-2018 (OHLCV),BRK.B,1259,2013-02-08,2018-02-07,0,0,0.0,True,5.9,4
S&P500 505 actions 2013-2018 (OHLCV),BSX,1259,2013-02-08,2018-02-07,0,0,0.0,True,12.7,4
S&P500 505 actions 2013-2018 (OHLCV),BWA,1259,2013-02-08,2018-02-07,0,0,0.0,True,9.5,4
S&P500 505 actions 2013-2018 (OHLCV),BXP,1259,2013-02-08,2018-02-07,0,0,0.0,True,6.4,4
S&P500 505 actions 2013-2018 (OHLCV),C,1259,2013-02-08,2018-02-07,0,0,0.0,True,9.4,4
S&P500 505 actions 2013-2018 (OHLCV),CA,1259,2013-02-08,2018-02-07,0,0,0.0,True,13.4,4
S&P500 505 actions 2013-2018 (OHLCV),CAG,1259,2013-02-08,2018-02-07,0,0,0.0,True,28.3,4
S&P500 505 actions 2013-2018 (OHLCV),CAH,1259,2013-02-08,2018-02-07,0,0,0.0,True,11.5,4
S&P500 505 actions 2013-2018 (OHLCV),CAT,1259,2013-02-08,2018-02-07,0,0,0.0,True,7.9,4
S&P500 505 actions 2013-2018 (OHLCV),CB,1259,2013-02-08,2018-02-07,0,0,0.0,True,4.4,4
S&P500 505 actions 2013-2018 (OHLCV),CBG,1259,2013-02-08,2018-02-07,0,0,0.0,True,9.0,4
S&P500 505 actions 2013-2018 (OHLCV),CBOE,1259,2013-02-08,2018-02-07,0,0,0.0,True,10.4,4
S&P500 505 actions 2013-2018 (OHLCV),CBS,1259,2013-02-08,2018-02-07,0,0,0.0,True,6.2,4
S&P500 505 actions 2013-2018 (OHLCV),CCI,1259,2013-02-08,2018-02-07,0,0,0.0,True,6.0,4
S&P500 505 actions 2013-2018 (OHLCV),CCL,1259,2013-02-08,2018-02-07,0,0,0.0,True,7.9,4
S&P500 505 actions 2013-2018 (OHLCV),CDNS,1259,2013-02-08,2018-02-07,0,0,0.0,True,12.0,4
S&P500 505 actions 2013-2018 (OHLCV),CELG,1259,2013-02-08,2018-02-07,0,0,0.0,True,16.4,4
S&P500 505 actions 2013-2018 (OHLCV),CERN,1259,2013-02-08,2018-02-07,0,0,0.0,True,8.4,4
S&P500 505 actions 2013-2018 (OHLCV),CF,1259,2013-02-08,2018-02-07,0,0,0.0,True,12.6,4
S&P500 505 actions 2013-2018 (OHLCV),CFG,850,2014-09-24,2018-02-07,0,0,0.0,True,9.8,4
S&P500 505 actions 2013-2018 (OHLCV),CHD,1259,2013-02-08,2018-02-07,0,1,0.0,True,6.6,4
S&P500 505 actions 2013-2018 (OHLCV),CHK,1259,2013-02-08,2018-02-07,0,1,0.0,True,34.4,4
S&P500 505 actions 2013-2018 (OHLCV),CHRW,1259,2013-02-08,2018-02-07,0,0,0.0,True,9.3,4
S&P500 505 actions 2013-2018 (OHLCV),CHTR,1259,2013-02-08,2018-02-07,0,0,0.0,True,11.8,4
S&P500 505 actions 2013-2018 (OHLCV),CI,1259,2013-02-08,2018-02-07,0,0,0.0,True,11.7,4
S&P500 505 actions 2013-2018 (OHLCV),CINF,1259,2013-02-08,2018-02-07,0,0,0.0,True,6.6,4
S&P500 505 actions 2013-2018 (OHLCV),CL,1259,2013-02-08,2018-02-07,0,0,0.0,True,6.0,4
S&P500 505 actions 2013-2018 (OHLCV),CLX,1259,2013-02-08,2018-02-07,0,0,0.0,True,7.4,4
S&P500 505 actions 2013-2018 (OHLCV),CMA,1259,2013-02-08,2018-02-07,0,0,0.0,True,10.0,4
S&P500 505 actions 2013-2018 (OHLCV),CMCSA,1259,2013-02-08,2018-02-07,0,0,0.0,True,6.2,4
S&P500 505 actions 2013-2018 (OHLCV),CME,1259,2013-02-08,2018-02-07,0,0,0.0,True,6.0,4
S&P500 505 actions 2013-2018 (OHLCV),CMG,1259,2013-02-08,2018-02-07,0,0,0.0,True,16.1,4
S&P500 505 actions 2013-2018 (OHLCV),CMI,1259,2013-02-08,2018-02-07,0,0,0.0,True,8.7,4
S&P500 505 actions 2013-2018 (OHLCV),CMS,1259,2013-02-08,2018-02-07,0,0,0.0,True,4.4,4
S&P500 505 actions 2013-2018 (OHLCV),CNC,1259,2013-02-08,2018-02-07,0,0,0.0,True,19.1,4
S&P500 505 actions 2013-2018 (OHLCV),CNP,1259,2013-02-08,2018-02-07,0,0,0.0,True,7.2,4
S&P500 505 actions 2013-2018 (OHLCV),COF,1259,2013-02-08,2018-02-07,0,0,0.0,True,13.1,4
S&P500 505 actions 2013-2018 (OHLCV),COG,1259,2013-02-08,2018-02-07,0,0,0.0,True,11.0,4
S&P500 505 actions 2013-2018 (OHLCV),COL,1259,2013-02-08,2018-02-07,0,0,0.0,True,19.3,4
S&P500 505 actions 2013-2018 (OHLCV),COO,1259,2013-02-08,2018-02-07,0,0,0.0,True,9.1,4
S&P500 505 actions 2013-2018 (OHLCV),COP,1259,2013-02-08,2018-02-07,0,0,0.0,True,15.6,4
S&P500 505 actions 2013-2018 (OHLCV),COST,1259,2013-02-08,2018-02-07,0,0,0.0,True,7.2,4
S&P500 505 actions 2013-2018 (OHLCV),COTY,1173,2013-06-13,2018-02-07,0,0,0.0,True,19.3,4
S&P500 505 actions 2013-2018 (OHLCV),CPB,1259,2013-02-08,2018-02-07,0,0,0.0,True,8.2,4
S&P500 505 actions 2013-2018 (OHLCV),CRM,1259,2013-02-08,2018-02-07,0,0,0.0,True,12.9,4
S&P500 505 actions 2013-2018 (OHLCV),CSCO,1259,2013-02-08,2018-02-07,0,0,0.0,True,12.6,4
S&P500 505 actions 2013-2018 (OHLCV),CSRA,561,2015-11-16,2018-02-07,0,0,0.0,True,10.8,4
S&P500 505 actions 2013-2018 (OHLCV),CSX,1259,2013-02-08,2018-02-07,0,0,0.0,True,23.4,4
S&P500 505 actions 2013-2018 (OHLCV),CTAS,1259,2013-02-08,2018-02-07,0,0,0.0,True,9.7,4
S&P500 505 actions 2013-2018 (OHLCV),CTL,1259,2013-02-08,2018-02-07,0,0,0.0,True,22.6,4
S&P500 505 actions 2013-2018 (OHLCV),CTSH,1259,2013-02-08,2018-02-07,0,0,0.0,True,13.3,4
S&P500 505 actions 2013-2018 (OHLCV),CTXS,1259,2013-02-08,2018-02-07,0,0,0.0,True,21.9,4
S&P500 505 actions 2013-2018 (OHLCV),CVS,1259,2013-02-08,2018-02-07,0,0,0.0,True,11.8,4
S&P500 505 actions 2013-2018 (OHLCV),CVX,1259,2013-02-08,2018-02-07,0,0,0.0,True,6.2,4
S&P500 505 actions 2013-2018 (OHLCV),CXO,1259,2013-02-08,2018-02-07,0,0,0.0,True,15.1,4
S&P500 505 actions 2013-2018 (OHLCV),D,1259,2013-02-08,2018-02-07,0,0,0.0,True,8.4,4
S&P500 505 actions 2013-2018 (OHLCV),DAL,1259,2013-02-08,2018-02-07,0,0,0.0,True,10.4,4
S&P500 505 actions 2013-2018 (OHLCV),DE,1259,2013-02-08,2018-02-07,0,0,0.0,True,13.5,4
S&P500 505 actions 2013-2018 (OHLCV),DFS,1259,2013-02-08,2018-02-07,0,0,0.0,True,8.2,4
S&P500 505 actions 2013-2018 (OHLCV),DG,1259,2013-02-08,2018-02-07,0,0,0.0,True,17.6,4
S&P500 505 actions 2013-2018 (OHLCV),DGX,1259,2013-02-08,2018-02-07,0,0,0.0,True,7.7,4
S&P500 505 actions 2013-2018 (OHLCV),DHI,1259,2013-02-08,2018-02-07,0,0,0.0,True,11.5,4
S&P500 505 actions 2013-2018 (OHLCV),DHR,1243,2013-02-08,2018-02-07,0,1,0.0,True,21.4,17
S&P500 505 actions 2013-2018 (OHLCV),DIS,1259,2013-02-08,2018-02-07,0,0,0.0,True,9.2,4
S&P500 505 actions 2013-2018 (OHLCV),DISCA,1259,2013-02-08,2018-02-07,0,0,0.0,True,50.6,4
S&P500 505 actions 2013-2018 (OHLCV),DISCK,1259,2013-02-08,2018-02-07,0,0,0.0,True,51.0,4
S&P500 505 actions 2013-2018 (OHLCV),DISH,1259,2013-02-08,2018-02-07,0,0,0.0,True,10.0,4
S&P500 505 actions 2013-2018 (OHLCV),DLR,1259,2013-02-08,2018-02-07,0,0,0.0,True,15.3,4
S&P500 505 actions 2013-2018 (OHLCV),DLTR,1259,2013-02-08,2018-02-07,0,0,0.0,True,12.8,4
S&P500 505 actions 2013-2018 (OHLCV),DOV,1259,2013-02-08,2018-02-07,0,0,0.0,True,16.1,4
S&P500 505 actions 2013-2018 (OHLCV),DPS,1259,2013-02-08,2018-02-07,0,0,0.0,True,22.4,4
S&P500 505 actions 2013-2018 (OHLCV),DRE,1259,2013-02-08,2018-02-07,0,0,0.0,True,5.4,4
S&P500 505 actions 2013-2018 (OHLCV),DRI,1259,2013-02-08,2018-02-07,0,0,0.0,True,10.9,4
S&P500 505 actions 2013-2018 (OHLCV),DTE,1259,2013-02-08,2018-02-07,0,0,0.0,True,4.8,4
S&P500 505 actions 2013-2018 (OHLCV),DUK,1259,2013-02-08,2018-02-07,0,0,0.0,True,5.6,4
S&P500 505 actions 2013-2018 (OHLCV),DVA,1259,2013-02-08,2018-02-07,0,0,0.0,True,13.6,4
S&P500 505 actions 2013-2018 (OHLCV),DVN,1259,2013-02-08,2018-02-07,0,0,0.0,True,14.6,4
S&P500 505 actions 2013-2018 (OHLCV),EA,1259,2013-02-08,2018-02-07,0,0,0.0,True,21.0,4
S&P500 505 actions 2013-2018 (OHLCV),EBAY,1259,2013-02-08,2018-02-07,0,0,0.0,True,56.9,4
S&P500 505 actions 2013-2018 (OHLCV),ECL,1259,2013-02-08,2018-02-07,0,0,0.0,True,7.4,4
S&P500 505 actions 2013-2018 (OHLCV),ED,1259,2013-02-08,2018-02-07,0,0,0.0,True,5.2,4
S&P500 505 actions 2013-2018 (OHLCV),EFX,1259,2013-02-08,2018-02-07,0,0,0.0,True,21.4,4
S&P500 505 actions 2013-2018 (OHLCV),EIX,1259,2013-02-08,2018-02-07,0,0,0.0,True,12.8,4
S&P500 505 actions 2013-2018 (OHLCV),EL,1259,2013-02-08,2018-02-07,0,0,0.0,True,9.2,4
S&P500 505 actions 2013-2018 (OHLCV),EMN,1259,2013-02-08,2018-02-07,0,0,0.0,True,12.8,4
S&P500 505 actions 2013-2018 (OHLCV),EMR,1259,2013-02-08,2018-02-07,0,0,0.0,True,6.4,4
S&P500 505 actions 2013-2018 (OHLCV),EOG,1259,2013-02-08,2018-02-07,0,0,0.0,True,10.9,4
S&P500 505 actions 2013-2018 (OHLCV),EQIX,1259,2013-02-08,2018-02-07,0,0,0.0,True,7.8,4
S&P500 505 actions 2013-2018 (OHLCV),EQR,1259,2013-02-08,2018-02-07,0,0,0.0,True,7.9,4
S&P500 505 actions 2013-2018 (OHLCV),EQT,1259,2013-02-08,2018-02-07,0,0,0.0,True,19.2,4
S&P500 505 actions 2013-2018 (OHLCV),ES,1249,2013-02-08,2018-02-07,0,0,0.0,True,5.6,17
S&P500 505 actions 2013-2018 (OHLCV),ESRX,1259,2013-02-08,2018-02-07,0,0,0.0,True,10.8,4
S&P500 505 actions 2013-2018 (OHLCV),ESS,1259,2013-02-08,2018-02-07,0,0,0.0,True,6.0,4
S&P500 505 actions 2013-2018 (OHLCV),ETFC,1259,2013-02-08,2018-02-07,0,0,0.0,True,11.8,4
S&P500 505 actions 2013-2018 (OHLCV),ETN,1259,2013-02-08,2018-02-07,0,0,0.0,True,9.8,4
S&P500 505 actions 2013-2018 (OHLCV),ETR,1259,2013-02-08,2018-02-07,0,0,0.0,True,5.0,4
S&P500 505 actions 2013-2018 (OHLCV),EVHC,297,2016-12-02,2018-02-07,0,0,0.0,True,34.2,4
S&P500 505 actions 2013-2018 (OHLCV),EW,1259,2013-02-08,2018-02-07,0,0,0.0,True,22.0,4
S&P500 505 actions 2013-2018 (OHLCV),EXC,1259,2013-02-08,2018-02-07,0,0,0.0,True,7.5,4
S&P500 505 actions 2013-2018 (OHLCV),EXPD,1259,2013-02-08,2018-02-07,0,0,0.0,True,7.9,4
S&P500 505 actions 2013-2018 (OHLCV),EXPE,1259,2013-02-08,2018-02-07,0,0,0.0,True,27.4,4
S&P500 505 actions 2013-2018 (OHLCV),EXR,1259,2013-02-08,2018-02-07,0,0,0.0,True,7.4,4
S&P500 505 actions 2013-2018 (OHLCV),F,1259,2013-02-08,2018-02-07,0,0,0.0,True,8.2,4
S&P500 505 actions 2013-2018 (OHLCV),FAST,1259,2013-02-08,2018-02-07,0,0,0.0,True,9.8,4
S&P500 505 actions 2013-2018 (OHLCV),FB,1259,2013-02-08,2018-02-07,0,0,0.0,True,29.6,4
S&P500 505 actions 2013-2018 (OHLCV),FBHS,1259,2013-02-08,2018-02-07,0,0,0.0,True,7.0,4
S&P500 505 actions 2013-2018 (OHLCV),FCX,1259,2013-02-08,2018-02-07,0,0,0.0,True,28.7,4
S&P500 505 actions 2013-2018 (OHLCV),FDX,1259,2013-02-08,2018-02-07,0,0,0.0,True,11.8,4
S&P500 505 actions 2013-2018 (OHLCV),FE,1259,2013-02-08,2018-02-07,0,0,0.0,True,10.4,4
S&P500 505 actions 2013-2018 (OHLCV),FFIV,1259,2013-02-08,2018-02-07,0,0,0.0,True,19.0,4
S&P500 505 actions 2013-2018 (OHLCV),FIS,1259,2013-02-08,2018-02-07,0,0,0.0,True,12.3,4
S&P500 505 actions 2013-2018 (OHLCV),FISV,1259,2013-02-08,2018-02-07,0,0,0.0,True,5.7,4
S&P500 505 actions 2013-2018 (OHLCV),FITB,1259,2013-02-08,2018-02-07,0,0,0.0,True,8.4,4
S&P500 505 actions 2013-2018 (OHLCV),FL,1259,2013-02-08,2018-02-07,0,0,0.0,True,28.2,4
S&P500 505 actions 2013-2018 (OHLCV),FLIR,1259,2013-02-08,2018-02-07,0,0,0.0,True,13.8,4
S&P500 505 actions 2013-2018 (OHLCV),FLR,1259,2013-02-08,2018-02-07,0,0,0.0,True,26.1,4
S&P500 505 actions 2013-2018 (OHLCV),FLS,1259,2013-02-08,2018-02-07,0,0,0.0,True,12.2,4
S&P500 505 actions 2013-2018 (OHLCV),FMC,1259,2013-02-08,2018-02-07,0,0,0.0,True,13.2,4
S&P500 505 actions 2013-2018 (OHLCV),FOX,1169,2013-06-19,2018-02-07,0,0,0.0,True,9.0,4
S&P500 505 actions 2013-2018 (OHLCV),FOXA,1169,2013-06-19,2018-02-07,0,0,0.0,True,9.9,4
S&P500 505 actions 2013-2018 (OHLCV),FRT,1259,2013-02-08,2018-02-07,0,0,0.0,True,5.3,4
S&P500 505 actions 2013-2018 (OHLCV),FTI,1259,2013-02-08,2018-02-07,0,0,0.0,True,9.9,4
S&P500 505 actions 2013-2018 (OHLCV),FTV,404,2016-07-01,2018-02-07,0,0,0.0,True,5.9,4
S&P500 505 actions 2013-2018 (OHLCV),GD,1259,2013-02-08,2018-02-07,0,0,0.0,True,6.9,4
S&P500 505 actions 2013-2018 (OHLCV),GE,1259,2013-02-08,2018-02-07,0,0,0.0,True,10.8,4
S&P500 505 actions 2013-2018 (OHLCV),GGP,1259,2013-02-08,2018-02-07,0,0,0.0,True,16.8,4
S&P500 505 actions 2013-2018 (OHLCV),GILD,1259,2013-02-08,2018-02-07,0,0,0.0,True,14.3,4
S&P500 505 actions 2013-2018 (OHLCV),GIS,1259,2013-02-08,2018-02-07,0,0,0.0,True,5.8,4
S&P500 505 actions 2013-2018 (OHLCV),GLW,1259,2013-02-08,2018-02-07,0,0,0.0,True,14.1,4
S&P500 505 actions 2013-2018 (OHLCV),GM,1259,2013-02-08,2018-02-07,0,0,0.0,True,6.1,4
S&P500 505 actions 2013-2018 (OHLCV),GOOG,975,2014-03-27,2018-02-07,0,0,0.0,True,16.1,4
S&P500 505 actions 2013-2018 (OHLCV),GOOGL,1259,2013-02-08,2018-02-07,0,0,0.0,True,16.3,4
S&P500 505 actions 2013-2018 (OHLCV),GPC,1259,2013-02-08,2018-02-07,0,0,0.0,True,8.5,4
S&P500 505 actions 2013-2018 (OHLCV),GPN,1259,2013-02-08,2018-02-07,0,0,0.0,True,11.4,4
S&P500 505 actions 2013-2018 (OHLCV),GPS,1259,2013-02-08,2018-02-07,0,0,0.0,True,16.6,4
S&P500 505 actions 2013-2018 (OHLCV),GRMN,1259,2013-02-08,2018-02-07,0,0,0.0,True,16.5,4
S&P500 505 actions 2013-2018 (OHLCV),GS,1259,2013-02-08,2018-02-07,0,0,0.0,True,7.1,4
S&P500 505 actions 2013-2018 (OHLCV),GT,1259,2013-02-08,2018-02-07,0,0,0.0,True,11.5,4
S&P500 505 actions 2013-2018 (OHLCV),GWW,1259,2013-02-08,2018-02-07,0,0,0.0,True,18.5,4
S&P500 505 actions 2013-2018 (OHLCV),HAL,1259,2013-02-08,2018-02-07,0,0,0.0,True,11.1,4
S&P500 505 actions 2013-2018 (OHLCV),HAS,1259,2013-02-08,2018-02-07,0,0,0.0,True,14.1,4
S&P500 505 actions 2013-2018 (OHLCV),HBAN,1259,2013-02-08,2018-02-07,0,0,0.0,True,8.7,4
S&P500 505 actions 2013-2018 (OHLCV),HBI,1259,2013-02-08,2018-02-07,0,0,0.0,True,16.4,4
S&P500 505 actions 2013-2018 (OHLCV),HCA,1259,2013-02-08,2018-02-07,0,0,0.0,True,10.8,4
S&P500 505 actions 2013-2018 (OHLCV),HCN,1259,2013-02-08,2018-02-07,0,0,0.0,True,8.0,4
S&P500 505 actions 2013-2018 (OHLCV),HCP,1259,2013-02-08,2018-02-07,0,0,0.0,True,16.7,4
S&P500 505 actions 2013-2018 (OHLCV),HD,1259,2013-02-08,2018-02-07,0,0,0.0,True,5.7,4
S&P500 505 actions 2013-2018 (OHLCV),HES,1259,2013-02-08,2018-02-07,0,0,0.0,True,14.1,4
S&P500 505 actions 2013-2018 (OHLCV),HIG,1259,2013-02-08,2018-02-07,0,0,0.0,True,9.3,4
S&P500 505 actions 2013-2018 (OHLCV),HII,1259,2013-02-08,2018-02-07,0,0,0.0,True,11.4,4
S&P500 505 actions 2013-2018 (OHLCV),HLT,276,2017-01-04,2018-02-07,0,0,0.0,True,3.7,4
S&P500 505 actions 2013-2018 (OHLCV),HOG,1259,2013-02-08,2018-02-07,0,0,0.0,True,19.8,4
S&P500 505 actions 2013-2018 (OHLCV),HOLX,1259,2013-02-08,2018-02-07,0,0,0.0,True,10.4,4
S&P500 505 actions 2013-2018 (OHLCV),HON,1259,2013-02-08,2018-02-07,0,0,0.0,True,7.5,4
S&P500 505 actions 2013-2018 (OHLCV),HP,1259,2013-02-08,2018-02-07,0,0,0.0,True,12.0,4
S&P500 505 actions 2013-2018 (OHLCV),HPE,581,2015-10-19,2018-02-07,0,0,0.0,True,25.9,4
S&P500 505 actions 2013-2018 (OHLCV),HPQ,581,2015-10-19,2018-02-07,0,0,0.0,True,14.0,4
S&P500 505 actions 2013-2018 (OHLCV),HRB,1259,2013-02-08,2018-02-07,0,0,0.0,True,15.6,4
S&P500 505 actions 2013-2018 (OHLCV),HRL,1259,2013-02-08,2018-02-07,0,0,0.0,True,8.6,4
S&P500 505 actions 2013-2018 (OHLCV),HRS,1259,2013-02-08,2018-02-07,0,0,0.0,True,9.8,4
S&P500 505 actions 2013-2018 (OHLCV),HSIC,1259,2013-02-08,2018-02-07,0,0,0.0,True,9.8,4
S&P500 505 actions 2013-2018 (OHLCV),HST,1259,2013-02-08,2018-02-07,0,0,0.0,True,7.4,4
S&P500 505 actions 2013-2018 (OHLCV),HSY,1259,2013-02-08,2018-02-07,0,0,0.0,True,16.8,4
S&P500 505 actions 2013-2018 (OHLCV),HUM,1259,2013-02-08,2018-02-07,0,0,0.0,True,20.3,4
S&P500 505 actions 2013-2018 (OHLCV),IBM,1259,2013-02-08,2018-02-07,0,0,0.0,True,8.9,4
S&P500 505 actions 2013-2018 (OHLCV),ICE,1254,2013-02-08,2018-02-07,0,0,0.0,True,8.0,6
S&P500 505 actions 2013-2018 (OHLCV),IDXX,1259,2013-02-08,2018-02-07,0,0,0.0,True,17.1,4
S&P500 505 actions 2013-2018 (OHLCV),IFF,1259,2013-02-08,2018-02-07,0,0,0.0,True,12.9,4
S&P500 505 actions 2013-2018 (OHLCV),ILMN,1259,2013-02-08,2018-02-07,0,0,0.0,True,24.8,4
S&P500 505 actions 2013-2018 (OHLCV),INCY,1259,2013-02-08,2018-02-07,0,0,0.0,True,33.5,4
S&P500 505 actions 2013-2018 (OHLCV),INFO,917,2014-06-19,2018-02-07,0,0,0.0,True,13.6,4
S&P500 505 actions 2013-2018 (OHLCV),INTC,1259,2013-02-08,2018-02-07,0,0,0.0,True,10.6,4
S&P500 505 actions 2013-2018 (OHLCV),INTU,1259,2013-02-08,2018-02-07,0,0,0.0,True,13.3,4
S&P500 505 actions 2013-2018 (OHLCV),IP,1259,2013-02-08,2018-02-07,0,1,0.0,True,10.6,4
S&P500 505 actions 2013-2018 (OHLCV),IPG,1259,2013-02-08,2018-02-07,0,0,0.0,True,13.3,4
S&P500 505 actions 2013-2018 (OHLCV),IQV,1197,2013-05-09,2018-02-07,0,0,0.0,True,6.1,4
S&P500 505 actions 2013-2018 (OHLCV),IR,1259,2013-02-08,2018-02-07,0,0,0.0,True,22.2,4
S&P500 505 actions 2013-2018 (OHLCV),IRM,1259,2013-02-08,2018-02-07,0,0,0.0,True,20.1,4
S&P500 505 actions 2013-2018 (OHLCV),ISRG,1259,2013-02-08,2018-02-07,0,0,0.0,True,17.7,4
S&P500 505 actions 2013-2018 (OHLCV),IT,1259,2013-02-08,2018-02-07,0,0,0.0,True,11.0,4
S&P500 505 actions 2013-2018 (OHLCV),ITW,1259,2013-02-08,2018-02-07,0,0,0.0,True,5.4,4
S&P500 505 actions 2013-2018 (OHLCV),IVZ,1259,2013-02-08,2018-02-07,0,0,0.0,True,13.7,4
S&P500 505 actions 2013-2018 (OHLCV),JBHT,1259,2013-02-08,2018-02-07,0,0,0.0,True,6.2,4
S&P500 505 actions 2013-2018 (OHLCV),JCI,1259,2013-02-08,2018-02-07,0,0,0.0,True,11.6,4
S&P500 505 actions 2013-2018 (OHLCV),JEC,1259,2013-02-08,2018-02-07,0,0,0.0,True,9.8,4
S&P500 505 actions 2013-2018 (OHLCV),JNJ,1259,2013-02-08,2018-02-07,0,0,0.0,True,5.3,4
S&P500 505 actions 2013-2018 (OHLCV),JNPR,1259,2013-02-08,2018-02-07,0,0,0.0,True,15.4,4
S&P500 505 actions 2013-2018 (OHLCV),JPM,1259,2013-02-08,2018-02-07,0,0,0.0,True,8.3,4
S&P500 505 actions 2013-2018 (OHLCV),JWN,1259,2013-02-08,2018-02-07,0,0,0.0,True,15.0,4
S&P500 505 actions 2013-2018 (OHLCV),K,1259,2013-02-08,2018-02-07,0,0,0.0,True,6.2,4
S&P500 505 actions 2013-2018 (OHLCV),KEY,1259,2013-02-08,2018-02-07,0,0,0.0,True,7.7,4
S&P500 505 actions 2013-2018 (OHLCV),KHC,655,2015-07-06,2018-02-07,0,0,0.0,True,10.7,4
S&P500 505 actions 2013-2018 (OHLCV),KIM,1259,2013-02-08,2018-02-07,0,0,0.0,True,6.5,4
S&P500 505 actions 2013-2018 (OHLCV),KLAC,1259,2013-02-08,2018-02-07,0,0,0.0,True,20.0,4
S&P500 505 actions 2013-2018 (OHLCV),KMB,1259,2013-02-08,2018-02-07,0,0,0.0,True,6.2,4
S&P500 505 actions 2013-2018 (OHLCV),KMI,1259,2013-02-08,2018-02-07,0,0,0.0,True,15.6,4
S&P500 505 actions 2013-2018 (OHLCV),KMX,1259,2013-02-08,2018-02-07,0,0,0.0,True,16.5,4
S&P500 505 actions 2013-2018 (OHLCV),KO,1259,2013-02-08,2018-02-07,0,0,0.0,True,6.0,4
S&P500 505 actions 2013-2018 (OHLCV),KORS,1259,2013-02-08,2018-02-07,0,0,0.0,True,24.2,4
S&P500 505 actions 2013-2018 (OHLCV),KR,1259,2013-02-08,2018-02-07,0,0,0.0,True,18.9,4
S&P500 505 actions 2013-2018 (OHLCV),KSS,1259,2013-02-08,2018-02-07,0,0,0.0,True,19.0,4
S&P500 505 actions 2013-2018 (OHLCV),KSU,1259,2013-02-08,2018-02-07,0,0,0.0,True,15.2,4
S&P500 505 actions 2013-2018 (OHLCV),L,1259,2013-02-08,2018-02-07,0,0,0.0,True,5.2,4
S&P500 505 actions 2013-2018 (OHLCV),LB,1259,2013-02-08,2018-02-07,0,0,0.0,True,15.8,4
S&P500 505 actions 2013-2018 (OHLCV),LEG,1259,2013-02-08,2018-02-07,0,0,0.0,True,8.1,4
S&P500 505 actions 2013-2018 (OHLCV),LEN,1259,2013-02-08,2018-02-07,0,0,0.0,True,8.3,4
S&P500 505 actions 2013-2018 (OHLCV),LH,1259,2013-02-08,2018-02-07,0,0,0.0,True,11.0,4
S&P500 505 actions 2013-2018 (OHLCV),LKQ,1259,2013-02-08,2018-02-07,0,0,0.0,True,11.7,4
S&P500 505 actions 2013-2018 (OHLCV),LLL,1259,2013-02-08,2018-02-07,0,0,0.0,True,12.3,4
S&P500 505 actions 2013-2018 (OHLCV),LLY,1259,2013-02-08,2018-02-07,0,0,0.0,True,10.5,4
S&P500 505 actions 2013-2018 (OHLCV),LMT,1259,2013-02-08,2018-02-07,0,0,0.0,True,7.4,4
S&P500 505 actions 2013-2018 (OHLCV),LNC,1259,2013-02-08,2018-02-07,0,0,0.0,True,13.3,4
S&P500 505 actions 2013-2018 (OHLCV),LNT,1259,2013-02-08,2018-02-07,0,1,0.0,True,101.0,4
S&P500 505 actions 2013-2018 (OHLCV),LOW,1259,2013-02-08,2018-02-07,0,0,0.0,True,9.5,4
S&P500 505 actions 2013-2018 (OHLCV),LRCX,1259,2013-02-08,2018-02-07,0,0,0.0,True,11.5,4
S&P500 505 actions 2013-2018 (OHLCV),LUK,1259,2013-02-08,2018-02-07,0,0,0.0,True,9.5,4
S&P500 505 actions 2013-2018 (OHLCV),LUV,1259,2013-02-08,2018-02-07,0,0,0.0,True,11.2,4
S&P500 505 actions 2013-2018 (OHLCV),LYB,1259,2013-02-08,2018-02-07,0,0,0.0,True,11.9,4
S&P500 505 actions 2013-2018 (OHLCV),M,1259,2013-02-08,2018-02-07,0,0,0.0,True,17.1,4
S&P500 505 actions 2013-2018 (OHLCV),MA,1259,2013-02-08,2018-02-07,0,0,0.0,True,9.4,4
S&P500 505 actions 2013-2018 (OHLCV),MAA,1259,2013-02-08,2018-02-07,0,0,0.0,True,6.7,4
S&P500 505 actions 2013-2018 (OHLCV),MAC,1259,2013-02-08,2018-02-07,0,0,0.0,True,9.6,4
S&P500 505 actions 2013-2018 (OHLCV),MAR,1259,2013-02-08,2018-02-07,0,0,0.0,True,7.3,4
S&P500 505 actions 2013-2018 (OHLCV),MAS,1259,2013-02-08,2018-02-07,0,0,0.0,True,12.5,4
S&P500 505 actions 2013-2018 (OHLCV),MAT,1259,2013-02-08,2018-02-07,0,0,0.0,True,20.7,4
S&P500 505 actions 2013-2018 (OHLCV),MCD,1259,2013-02-08,2018-02-07,0,0,0.0,True,8.1,4
S&P500 505 actions 2013-2018 (OHLCV),MCHP,1259,2013-02-08,2018-02-07,0,0,0.0,True,12.3,4
S&P500 505 actions 2013-2018 (OHLCV),MCK,1259,2013-02-08,2018-02-07,0,0,0.0,True,22.7,4
S&P500 505 actions 2013-2018 (OHLCV),MCO,1259,2013-02-08,2018-02-07,0,0,0.0,True,8.3,4
S&P500 505 actions 2013-2018 (OHLCV),MDLZ,1259,2013-02-08,2018-02-07,0,0,0.0,True,8.2,4
S&P500 505 actions 2013-2018 (OHLCV),MDT,1259,2013-02-08,2018-02-07,0,0,0.0,True,8.7,4
S&P500 505 actions 2013-2018 (OHLCV),MET,1259,2013-02-08,2018-02-07,0,0,0.0,True,10.7,4
S&P500 505 actions 2013-2018 (OHLCV),MGM,1259,2013-02-08,2018-02-07,0,0,0.0,True,10.6,4
S&P500 505 actions 2013-2018 (OHLCV),MHK,1259,2013-02-08,2018-02-07,0,0,0.0,True,7.8,4
S&P500 505 actions 2013-2018 (OHLCV),MKC,1259,2013-02-08,2018-02-07,0,0,0.0,True,6.2,4
S&P500 505 actions 2013-2018 (OHLCV),MLM,1259,2013-02-08,2018-02-07,0,0,0.0,True,15.2,4
S&P500 505 actions 2013-2018 (OHLCV),MMC,1259,2013-02-08,2018-02-07,0,0,0.0,True,5.9,4
S&P500 505 actions 2013-2018 (OHLCV),MMM,1259,2013-02-08,2018-02-07,0,0,0.0,True,6.0,4
S&P500 505 actions 2013-2018 (OHLCV),MNST,1259,2013-02-08,2018-02-07,0,0,0.0,True,30.5,4
S&P500 505 actions 2013-2018 (OHLCV),MO,1259,2013-02-08,2018-02-07,0,0,0.0,True,9.5,4
S&P500 505 actions 2013-2018 (OHLCV),MON,1259,2013-02-08,2018-02-07,0,0,0.0,True,8.6,4
S&P500 505 actions 2013-2018 (OHLCV),MOS,1259,2013-02-08,2018-02-07,0,0,0.0,True,17.7,4
S&P500 505 actions 2013-2018 (OHLCV),MPC,1259,2013-02-08,2018-02-07,0,0,0.0,True,21.7,4
S&P500 505 actions 2013-2018 (OHLCV),MRK,1259,2013-02-08,2018-02-07,0,0,0.0,True,17.7,4
S&P500 505 actions 2013-2018 (OHLCV),MRO,1259,2013-02-08,2018-02-07,0,0,0.0,True,34.5,4
S&P500 505 actions 2013-2018 (OHLCV),MS,1259,2013-02-08,2018-02-07,0,0,0.0,True,10.2,4
S&P500 505 actions 2013-2018 (OHLCV),MSFT,1259,2013-02-08,2018-02-07,0,0,0.0,True,11.4,4
S&P500 505 actions 2013-2018 (OHLCV),MSI,1259,2013-02-08,2018-02-07,0,0,0.0,True,9.3,4
S&P500 505 actions 2013-2018 (OHLCV),MTB,1259,2013-02-08,2018-02-07,0,0,0.0,True,6.5,4
S&P500 505 actions 2013-2018 (OHLCV),MTD,1259,2013-02-08,2018-02-07,0,0,0.0,True,13.5,4
S&P500 505 actions 2013-2018 (OHLCV),MU,1259,2013-02-08,2018-02-07,0,0,0.0,True,18.2,4
S&P500 505 actions 2013-2018 (OHLCV),MYL,1259,2013-02-08,2018-02-07,0,0,0.0,True,18.0,4
S&P500 505 actions 2013-2018 (OHLCV),NAVI,960,2014-04-17,2018-02-07,0,0,0.0,True,17.2,4
S&P500 505 actions 2013-2018 (OHLCV),NBL,1259,2013-02-08,2018-02-07,0,0,0.0,True,10.4,4
S&P500 505 actions 2013-2018 (OHLCV),NCLH,1259,2013-02-08,2018-02-07,0,0,0.0,True,11.8,4
S&P500 505 actions 2013-2018 (OHLCV),NDAQ,1259,2013-02-08,2018-02-07,0,0,0.0,True,12.8,4
S&P500 505 actions 2013-2018 (OHLCV),NEE,1259,2013-02-08,2018-02-07,0,0,0.0,True,6.1,4
S&P500 505 actions 2013-2018 (OHLCV),NEM,1259,2013-02-08,2018-02-07,0,0,0.0,True,12.2,4
S&P500 505 actions 2013-2018 (OHLCV),NFLX,1259,2013-02-08,2018-02-07,0,0,0.0,True,24.4,4
S&P500 505 actions 2013-2018 (OHLCV),NFX,1259,2013-02-08,2018-02-07,0,0,0.0,True,16.2,4
S&P500 505 actions 2013-2018 (OHLCV),NI,1259,2013-02-08,2018-02-07,0,0,0.0,True,62.6,4
S&P500 505 actions 2013-2018 (OHLCV),NKE,1259,2013-02-08,2018-02-07,0,0,0.0,True,12.2,4
S&P500 505 actions 2013-2018 (OHLCV),NLSN,1259,2013-02-08,2018-02-07,0,0,0.0,True,16.9,4
S&P500 505 actions 2013-2018 (OHLCV),NOC,1259,2013-02-08,2018-02-07,0,0,0.0,True,6.2,4
S&P500 505 actions 2013-2018 (OHLCV),NOV,1259,2013-02-08,2018-02-07,0,0,0.0,True,9.8,4
S&P500 505 actions 2013-2018 (OHLCV),NRG,1259,2013-02-08,2018-02-07,0,0,0.0,True,29.4,4
S&P500 505 actions 2013-2018 (OHLCV),NSC,1259,2013-02-08,2018-02-07,0,0,0.0,True,13.4,4
S&P500 505 actions 2013-2018 (OHLCV),NTAP,1259,2013-02-08,2018-02-07,0,0,0.0,True,17.4,4
S&P500 505 actions 2013-2018 (OHLCV),NTRS,1259,2013-02-08,2018-02-07,0,0,0.0,True,8.4,4
S&P500 505 actions 2013-2018 (OHLCV),NUE,1259,2013-02-08,2018-02-07,0,0,0.0,True,12.2,4
S&P500 505 actions 2013-2018 (OHLCV),NVDA,1259,2013-02-08,2018-02-07,0,0,0.0,True,29.8,4
S&P500 505 actions 2013-2018 (OHLCV),NWL,1259,2013-02-08,2018-02-07,0,0,0.0,True,40.2,4
S&P500 505 actions 2013-2018 (OHLCV),NWS,1169,2013-06-19,2018-02-07,0,0,0.0,True,8.6,4
S&P500 505 actions 2013-2018 (OHLCV),NWSA,1169,2013-06-19,2018-02-07,0,0,0.0,True,9.1,4
S&P500 505 actions 2013-2018 (OHLCV),O,1243,2013-02-08,2018-02-07,0,2,0.0,True,17.8,17
S&P500 505 actions 2013-2018 (OHLCV),OKE,1259,2013-02-08,2018-02-07,0,0,0.0,True,25.5,4
S&P500 505 actions 2013-2018 (OHLCV),OMC,1259,2013-02-08,2018-02-07,0,0,0.0,True,7.0,4
S&P500 505 actions 2013-2018 (OHLCV),ORCL,1257,2013-02-08,2018-02-07,0,0,0.0,True,10.2,5
S&P500 505 actions 2013-2018 (OHLCV),ORLY,1259,2013-02-08,2018-02-07,0,0,0.0,True,18.9,4
S&P500 505 actions 2013-2018 (OHLCV),OXY,1259,2013-02-08,2018-02-07,0,0,0.0,True,7.4,4
S&P500 505 actions 2013-2018 (OHLCV),PAYX,1259,2013-02-08,2018-02-07,0,0,0.0,True,6.0,4
S&P500 505 actions 2013-2018 (OHLCV),PBCT,1259,2013-02-08,2018-02-07,0,0,0.0,True,8.2,4
S&P500 505 actions 2013-2018 (OHLCV),PCAR,1259,2013-02-08,2018-02-07,0,0,0.0,True,7.8,4
S&P500 505 actions 2013-2018 (OHLCV),PCG,1259,2013-02-08,2018-02-07,0,0,0.0,True,12.9,4
S&P500 505 actions 2013-2018 (OHLCV),PCLN,1259,2013-02-08,2018-02-07,0,0,0.0,True,13.5,4
S&P500 505 actions 2013-2018 (OHLCV),PDCO,1259,2013-02-08,2018-02-07,0,0,0.0,True,16.7,4
S&P500 505 actions 2013-2018 (OHLCV),PEG,1259,2013-02-08,2018-02-07,0,0,0.0,True,5.3,4
S&P500 505 actions 2013-2018 (OHLCV),PEP,1259,2013-02-08,2018-02-07,0,0,0.0,True,4.6,4
S&P500 505 actions 2013-2018 (OHLCV),PFE,1259,2013-02-08,2018-02-07,0,0,0.0,True,7.1,4
S&P500 505 actions 2013-2018 (OHLCV),PFG,1259,2013-02-08,2018-02-07,0,0,0.0,True,10.2,4
S&P500 505 actions 2013-2018 (OHLCV),PG,1259,2013-02-08,2018-02-07,0,0,0.0,True,6.6,4
S&P500 505 actions 2013-2018 (OHLCV),PGR,1259,2013-02-08,2018-02-07,0,0,0.0,True,6.5,4
S&P500 505 actions 2013-2018 (OHLCV),PH,1259,2013-02-08,2018-02-07,0,0,0.0,True,7.1,4
S&P500 505 actions 2013-2018 (OHLCV),PHM,1259,2013-02-08,2018-02-07,0,0,0.0,True,10.3,4
S&P500 505 actions 2013-2018 (OHLCV),PKG,1259,2013-02-08,2018-02-07,0,0,0.0,True,13.0,4
S&P500 505 actions 2013-2018 (OHLCV),PKI,1259,2013-02-08,2018-02-07,0,0,0.0,True,12.0,4
S&P500 505 actions 2013-2018 (OHLCV),PLD,1259,2013-02-08,2018-02-07,0,0,0.0,True,6.3,4
S&P500 505 actions 2013-2018 (OHLCV),PM,1259,2013-02-08,2018-02-07,0,0,0.0,True,8.7,4
S&P500 505 actions 2013-2018 (OHLCV),PNC,1259,2013-02-08,2018-02-07,0,0,0.0,True,6.4,4
S&P500 505 actions 2013-2018 (OHLCV),PNR,1259,2013-02-08,2018-02-07,0,0,0.0,True,7.9,4
S&P500 505 actions 2013-2018 (OHLCV),PNW,1259,2013-02-08,2018-02-07,0,0,0.0,True,4.9,4
S&P500 505 actions 2013-2018 (OHLCV),PPG,1259,2013-02-08,2018-02-07,0,0,0.0,True,8.3,4
S&P500 505 actions 2013-2018 (OHLCV),PPL,1259,2013-02-08,2018-02-07,0,0,0.0,True,8.5,4
S&P500 505 actions 2013-2018 (OHLCV),PRGO,1259,2013-02-08,2018-02-07,0,0,0.0,True,18.4,4
S&P500 505 actions 2013-2018 (OHLCV),PRU,1259,2013-02-08,2018-02-07,0,0,0.0,True,9.5,4
S&P500 505 actions 2013-2018 (OHLCV),PSA,1259,2013-02-08,2018-02-07,0,0,0.0,True,5.6,4
S&P500 505 actions 2013-2018 (OHLCV),PSX,1259,2013-02-08,2018-02-07,0,0,0.0,True,7.9,4
S&P500 505 actions 2013-2018 (OHLCV),PVH,1259,2013-02-08,2018-02-07,0,0,0.0,True,11.1,4
S&P500 505 actions 2013-2018 (OHLCV),PWR,1259,2013-02-08,2018-02-07,0,0,0.0,True,28.5,4
S&P500 505 actions 2013-2018 (OHLCV),PX,1259,2013-02-08,2018-02-07,0,0,0.0,True,5.2,4
S&P500 505 actions 2013-2018 (OHLCV),PXD,1259,2013-02-08,2018-02-07,0,0,0.0,True,12.5,4
S&P500 505 actions 2013-2018 (OHLCV),PYPL,655,2015-07-06,2018-02-07,0,0,0.0,True,10.1,4
S&P500 505 actions 2013-2018 (OHLCV),QCOM,1259,2013-02-08,2018-02-07,0,0,0.0,True,15.3,4
S&P500 505 actions 2013-2018 (OHLCV),QRVO,781,2015-01-02,2018-02-07,0,0,0.0,True,23.2,4
S&P500 505 actions 2013-2018 (OHLCV),RCL,1259,2013-02-08,2018-02-07,0,0,0.0,True,15.2,4
S&P500 505 actions 2013-2018 (OHLCV),RE,1259,2013-02-08,2018-02-07,0,0,0.0,True,7.5,4
S&P500 505 actions 2013-2018 (OHLCV),REG,1259,2013-02-08,2018-02-07,0,0,0.0,True,5.6,4
S&P500 505 actions 2013-2018 (OHLCV),REGN,1259,2013-02-08,2018-02-07,0,0,0.0,True,13.8,4
S&P500 505 actions 2013-2018 (OHLCV),RF,1259,2013-02-08,2018-02-07,0,0,0.0,True,9.7,4
S&P500 505 actions 2013-2018 (OHLCV),RHI,1259,2013-02-08,2018-02-07,0,0,0.0,True,12.3,4
S&P500 505 actions 2013-2018 (OHLCV),RHT,1259,2013-02-08,2018-02-07,0,0,0.0,True,14.5,4
S&P500 505 actions 2013-2018 (OHLCV),RJF,1259,2013-02-08,2018-02-07,0,0,0.0,True,9.4,4
S&P500 505 actions 2013-2018 (OHLCV),RL,1259,2013-02-08,2018-02-07,0,0,0.0,True,22.2,4
S&P500 505 actions 2013-2018 (OHLCV),RMD,1259,2013-02-08,2018-02-07,0,0,0.0,True,15.1,4
S&P500 505 actions 2013-2018 (OHLCV),ROK,1259,2013-02-08,2018-02-07,0,0,0.0,True,7.7,4
S&P500 505 actions 2013-2018 (OHLCV),ROP,1259,2013-02-08,2018-02-07,0,0,0.0,True,6.8,4
S&P500 505 actions 2013-2018 (OHLCV),ROST,1259,2013-02-08,2018-02-07,0,0,0.0,True,10.7,4
S&P500 505 actions 2013-2018 (OHLCV),RRC,1259,2013-02-08,2018-02-07,0,0,0.0,True,18.4,4
S&P500 505 actions 2013-2018 (OHLCV),RSG,1259,2013-02-08,2018-02-07,0,0,0.0,True,4.9,4
S&P500 505 actions 2013-2018 (OHLCV),RTN,1259,2013-02-08,2018-02-07,0,0,0.0,True,7.5,4
S&P500 505 actions 2013-2018 (OHLCV),SBAC,1259,2013-02-08,2018-02-07,0,0,0.0,True,7.6,4
S&P500 505 actions 2013-2018 (OHLCV),SBUX,1259,2013-02-08,2018-02-07,0,0,0.0,True,9.2,4
S&P500 505 actions 2013-2018 (OHLCV),SCG,1259,2013-02-08,2018-02-07,0,0,0.0,True,22.6,4
S&P500 505 actions 2013-2018 (OHLCV),SCHW,1259,2013-02-08,2018-02-07,0,0,0.0,True,11.9,4
S&P500 505 actions 2013-2018 (OHLCV),SEE,1259,2013-02-08,2018-02-07,0,0,0.0,True,10.6,4
S&P500 505 actions 2013-2018 (OHLCV),SHW,1259,2013-02-08,2018-02-07,0,0,0.0,True,10.9,4
S&P500 505 actions 2013-2018 (OHLCV),SIG,1259,2013-02-08,2018-02-07,0,0,0.0,True,30.4,4
S&P500 505 actions 2013-2018 (OHLCV),SJM,1259,2013-02-08,2018-02-07,0,0,0.0,True,9.5,4
S&P500 505 actions 2013-2018 (OHLCV),SLB,1259,2013-02-08,2018-02-07,0,0,0.0,True,7.4,4
S&P500 505 actions 2013-2018 (OHLCV),SLG,1259,2013-02-08,2018-02-07,0,0,0.0,True,8.1,4
S&P500 505 actions 2013-2018 (OHLCV),SNA,1259,2013-02-08,2018-02-07,0,0,0.0,True,7.8,4
S&P500 505 actions 2013-2018 (OHLCV),SNI,1259,2013-02-08,2018-02-07,0,0,0.0,True,14.7,4
S&P500 505 actions 2013-2018 (OHLCV),SNPS,1259,2013-02-08,2018-02-07,0,0,0.0,True,8.2,4
S&P500 505 actions 2013-2018 (OHLCV),SO,1259,2013-02-08,2018-02-07,0,0,0.0,True,4.8,4
S&P500 505 actions 2013-2018 (OHLCV),SPG,1259,2013-02-08,2018-02-07,0,1,0.0,True,6.3,4
S&P500 505 actions 2013-2018 (OHLCV),SPGI,1259,2013-02-08,2018-02-07,0,0,0.0,True,8.2,4
S&P500 505 actions 2013-2018 (OHLCV),SRCL,1259,2013-02-08,2018-02-07,0,0,0.0,True,21.5,4
S&P500 505 actions 2013-2018 (OHLCV),SRE,1259,2013-02-08,2018-02-07,0,0,0.0,True,5.4,4
S&P500 505 actions 2013-2018 (OHLCV),STI,1259,2013-02-08,2018-02-07,0,0,0.0,True,6.9,4
S&P500 505 actions 2013-2018 (OHLCV),STT,1259,2013-02-08,2018-02-07,0,0,0.0,True,9.3,4
S&P500 505 actions 2013-2018 (OHLCV),STX,1259,2013-02-08,2018-02-07,0,0,0.0,True,21.8,4
S&P500 505 actions 2013-2018 (OHLCV),STZ,1259,2013-02-08,2018-02-07,0,0,0.0,True,37.2,4
S&P500 505 actions 2013-2018 (OHLCV),SWK,1259,2013-02-08,2018-02-07,0,0,0.0,True,14.3,4
S&P500 505 actions 2013-2018 (OHLCV),SWKS,1259,2013-02-08,2018-02-07,0,0,0.0,True,14.1,4
S&P500 505 actions 2013-2018 (OHLCV),SYF,888,2014-07-31,2018-02-07,0,0,0.0,True,15.9,4
S&P500 505 actions 2013-2018 (OHLCV),SYK,1259,2013-02-08,2018-02-07,0,0,0.0,True,7.3,4
S&P500 505 actions 2013-2018 (OHLCV),SYMC,1259,2013-02-08,2018-02-07,0,0,0.0,True,19.0,4
S&P500 505 actions 2013-2018 (OHLCV),SYY,1259,2013-02-08,2018-02-07,0,0,0.0,True,9.8,4
S&P500 505 actions 2013-2018 (OHLCV),T,1259,2013-02-08,2018-02-07,0,0,0.0,True,6.1,4
S&P500 505 actions 2013-2018 (OHLCV),TAP,1259,2013-02-08,2018-02-07,0,0,0.0,True,14.2,4
S&P500 505 actions 2013-2018 (OHLCV),TDG,1259,2013-02-08,2018-02-07,0,0,0.0,True,14.1,4
S&P500 505 actions 2013-2018 (OHLCV),TEL,1259,2013-02-08,2018-02-07,0,0,0.0,True,9.0,4
S&P500 505 actions 2013-2018 (OHLCV),TGT,1259,2013-02-08,2018-02-07,0,0,0.0,True,12.2,4
S&P500 505 actions 2013-2018 (OHLCV),TIF,1259,2013-02-08,2018-02-07,0,0,0.0,True,14.0,4
S&P500 505 actions 2013-2018 (OHLCV),TJX,1259,2013-02-08,2018-02-07,0,0,0.0,True,8.6,4
S&P500 505 actions 2013-2018 (OHLCV),TMK,1259,2013-02-08,2018-02-07,0,0,0.0,True,4.9,4
S&P500 505 actions 2013-2018 (OHLCV),TMO,1259,2013-02-08,2018-02-07,0,0,0.0,True,7.8,4
S&P500 505 actions 2013-2018 (OHLCV),TPR,1259,2013-02-08,2018-02-07,0,0,0.0,True,15.2,4
S&P500 505 actions 2013-2018 (OHLCV),TRIP,1259,2013-02-08,2018-02-07,0,0,0.0,True,25.5,4
S&P500 505 actions 2013-2018 (OHLCV),TROW,1259,2013-02-08,2018-02-07,0,0,0.0,True,7.2,4
S&P500 505 actions 2013-2018 (OHLCV),TRV,1259,2013-02-08,2018-02-07,0,0,0.0,True,6.1,4
S&P500 505 actions 2013-2018 (OHLCV),TSCO,1259,2013-02-08,2018-02-07,0,0,0.0,True,16.9,4
S&P500 505 actions 2013-2018 (OHLCV),TSN,1259,2013-02-08,2018-02-07,0,0,0.0,True,14.5,4
S&P500 505 actions 2013-2018 (OHLCV),TSS,1259,2013-02-08,2018-02-07,0,0,0.0,True,14.7,4
S&P500 505 actions 2013-2018 (OHLCV),TWX,1259,2013-02-08,2018-02-07,0,0,0.0,True,17.1,4
S&P500 505 actions 2013-2018 (OHLCV),TXN,1259,2013-02-08,2018-02-07,0,0,0.0,True,11.9,4
S&P500 505 actions 2013-2018 (OHLCV),TXT,1259,2013-02-08,2018-02-07,0,0,0.0,True,14.5,4
S&P500 505 actions 2013-2018 (OHLCV),UA,464,2016-04-07,2018-02-07,0,1,0.0,True,23.4,4
S&P500 505 actions 2013-2018 (OHLCV),UAA,1259,2013-02-08,2018-02-07,0,0,0.0,True,25.7,4
S&P500 505 actions 2013-2018 (OHLCV),UAL,1259,2013-02-08,2018-02-07,0,0,0.0,True,12.7,4
S&P500 505 actions 2013-2018 (OHLCV),UDR,1259,2013-02-08,2018-02-07,0,0,0.0,True,5.3,4
S&P500 505 actions 2013-2018 (OHLCV),UHS,1259,2013-02-08,2018-02-07,0,0,0.0,True,11.9,4
S&P500 505 actions 2013-2018 (OHLCV),ULTA,1259,2013-02-08,2018-02-07,0,0,0.0,True,20.5,4
S&P500 505 actions 2013-2018 (OHLCV),UNH,1259,2013-02-08,2018-02-07,0,0,0.0,True,6.9,4
S&P500 505 actions 2013-2018 (OHLCV),UNM,1259,2013-02-08,2018-02-07,0,0,0.0,True,9.7,4
S&P500 505 actions 2013-2018 (OHLCV),UNP,1259,2013-02-08,2018-02-07,0,0,0.0,True,6.7,4
S&P500 505 actions 2013-2018 (OHLCV),UPS,1259,2013-02-08,2018-02-07,0,0,0.0,True,9.9,4
S&P500 505 actions 2013-2018 (OHLCV),URI,1259,2013-02-08,2018-02-07,0,0,0.0,True,18.4,4
S&P500 505 actions 2013-2018 (OHLCV),USB,1259,2013-02-08,2018-02-07,0,0,0.0,True,5.6,4
S&P500 505 actions 2013-2018 (OHLCV),UTX,1259,2013-02-08,2018-02-07,0,0,0.0,True,7.0,4
S&P500 505 actions 2013-2018 (OHLCV),V,1259,2013-02-08,2018-02-07,0,0,0.0,True,10.2,4
S&P500 505 actions 2013-2018 (OHLCV),VAR,1259,2013-02-08,2018-02-07,0,0,0.0,True,12.5,4
S&P500 505 actions 2013-2018 (OHLCV),VFC,1259,2013-02-08,2018-02-07,0,0,0.0,True,12.9,4
S&P500 505 actions 2013-2018 (OHLCV),VIAB,1259,2013-02-08,2018-02-07,0,0,0.0,True,21.5,4
S&P500 505 actions 2013-2018 (OHLCV),VLO,1259,2013-02-08,2018-02-07,0,0,0.0,True,9.1,4
S&P500 505 actions 2013-2018 (OHLCV),VMC,1259,2013-02-08,2018-02-07,0,0,0.0,True,11.5,4
S&P500 505 actions 2013-2018 (OHLCV),VNO,1259,2013-02-08,2018-02-07,0,0,0.0,True,20.0,4
S&P500 505 actions 2013-2018 (OHLCV),VRSK,1259,2013-02-08,2018-02-07,0,0,0.0,True,9.5,4
S&P500 505 actions 2013-2018 (OHLCV),VRSN,1259,2013-02-08,2018-02-07,0,0,0.0,True,11.6,4
S&P500 505 actions 2013-2018 (OHLCV),VRTX,1259,2013-02-08,2018-02-07,0,0,0.0,True,61.9,4
S&P500 505 actions 2013-2018 (OHLCV),VTR,1259,2013-02-08,2018-02-07,0,0,0.0,True,12.7,4
S&P500 505 actions 2013-2018 (OHLCV),VZ,1259,2013-02-08,2018-02-07,0,0,0.0,True,7.7,4
S&P500 505 actions 2013-2018 (OHLCV),WAT,1259,2013-02-08,2018-02-07,0,0,0.0,True,12.1,4
S&P500 505 actions 2013-2018 (OHLCV),WBA,1259,2013-02-08,2018-02-07,0,0,0.0,True,14.3,4
S&P500 505 actions 2013-2018 (OHLCV),WDC,1259,2013-02-08,2018-02-07,0,0,0.0,True,14.5,4
S&P500 505 actions 2013-2018 (OHLCV),WEC,1259,2013-02-08,2018-02-07,0,0,0.0,True,4.9,4
S&P500 505 actions 2013-2018 (OHLCV),WFC,1259,2013-02-08,2018-02-07,0,0,0.0,True,9.2,4
S&P500 505 actions 2013-2018 (OHLCV),WHR,1259,2013-02-08,2018-02-07,0,0,0.0,True,11.6,4
S&P500 505 actions 2013-2018 (OHLCV),WLTW,528,2016-01-05,2018-02-07,0,0,0.0,True,8.3,4
S&P500 505 actions 2013-2018 (OHLCV),WM,1259,2013-02-08,2018-02-07,0,0,0.0,True,5.5,4
S&P500 505 actions 2013-2018 (OHLCV),WMB,1259,2013-02-08,2018-02-07,0,0,0.0,True,34.8,4
S&P500 505 actions 2013-2018 (OHLCV),WMT,1259,2013-02-08,2018-02-07,0,0,0.0,True,10.9,4
S&P500 505 actions 2013-2018 (OHLCV),WRK,662,2015-06-24,2018-02-07,0,1,0.0,True,14.9,4
S&P500 505 actions 2013-2018 (OHLCV),WU,1259,2013-02-08,2018-02-07,0,0,0.0,True,12.4,4
S&P500 505 actions 2013-2018 (OHLCV),WY,1259,2013-02-08,2018-02-07,0,0,0.0,True,6.8,4
S&P500 505 actions 2013-2018 (OHLCV),WYN,1259,2013-02-08,2018-02-07,0,0,0.0,True,9.0,4
S&P500 505 actions 2013-2018 (OHLCV),WYNN,1259,2013-02-08,2018-02-07,0,0,0.0,True,22.8,4
S&P500 505 actions 2013-2018 (OHLCV),XEC,1259,2013-02-08,2018-02-07,0,0,0.0,True,11.2,4
S&P500 505 actions 2013-2018 (OHLCV),XEL,1259,2013-02-08,2018-02-07,0,0,0.0,True,4.9,4
S&P500 505 actions 2013-2018 (OHLCV),XL,1259,2013-02-08,2018-02-07,0,0,0.0,True,12.5,4
S&P500 505 actions 2013-2018 (OHLCV),XLNX,1259,2013-02-08,2018-02-07,0,0,0.0,True,14.3,4
S&P500 505 actions 2013-2018 (OHLCV),XOM,1259,2013-02-08,2018-02-07,0,0,0.0,True,5.7,4
S&P500 505 actions 2013-2018 (OHLCV),XRAY,1259,2013-02-08,2018-02-07,0,0,0.0,True,8.4,4
S&P500 505 actions 2013-2018 (OHLCV),XRX,1259,2013-02-08,2018-02-07,0,0,0.0,True,21.1,4
S&P500 505 actions 2013-2018 (OHLCV),XYL,1259,2013-02-08,2018-02-07,0,0,0.0,True,12.4,4
S&P500 505 actions 2013-2018 (OHLCV),YUM,1259,2013-02-08,2018-02-07,0,0,0.0,True,29.7,4
S&P500 505 actions 2013-2018 (OHLCV),ZBH,1259,2013-02-08,2018-02-07,0,0,0.0,True,14.0,4
S&P500 505 actions 2013-2018 (OHLCV),ZION,1259,2013-02-08,2018-02-07,0,0,0.0,True,10.2,4
S&P500 505 actions 2013-2018 (OHLCV),ZTS,1259,2013-02-08,2018-02-07,0,0,0.0,True,12.2,4
"SPX 1950-2018 (indice, OHLCV)",SPX,17356,1950-01-03,2018-12-21,0,0,17.58,True,20.5,7
VIX 1990-2026 (OHLC),VIX,9274,1990-01-02,2026-09-16,20,27,5.46,True,115.6,7
