univers,condition,horizon_j,n_obs,n_dates,mean_fwd_pct,mean_base_pct,mean_excess_pct,t_absolu,t_excess,hit_rate,hit_rate_base,edge_hit_pts,status
US500,T1 tendance haussiere (C>SMA200),1,346892,1059,0.0473,0.0543,0.0019,2.03,0.27,51.99,52.13,-0.14,ok
US500,T1 tendance haussiere (C>SMA200),3,346257,1057,0.1374,0.1621,0.0028,2.4,0.17,53.55,53.91,-0.36,ok
US500,T1 tendance haussiere (C>SMA200),5,345497,1055,0.2329,0.2755,0.0021,2.62,0.08,54.19,54.74,-0.55,ok
US500,T1 tendance haussiere (C>SMA200),10,343489,1050,0.4875,0.5687,0.004,3.04,0.08,55.39,56.07,-0.68,ok
US500,T1 tendance haussiere (C>SMA200),20,339576,1040,0.9892,1.1413,0.0117,3.36,0.12,57.41,58.25,-0.84,ok
US500,T2 tendance baissiere (C<SMA200),1,171309,1059,0.0398,0.0543,-0.0056,1.4,-0.52,51.9,52.13,-0.24,ok
US500,T2 tendance baissiere (C<SMA200),3,170948,1057,0.1184,0.1621,-0.0162,1.65,-0.59,53.51,53.91,-0.39,ok
US500,T2 tendance baissiere (C<SMA200),5,170712,1055,0.206,0.2755,-0.0248,1.8,-0.54,54.39,54.74,-0.35,ok
US500,T2 tendance baissiere (C<SMA200),10,170230,1050,0.4347,0.5687,-0.0488,2.03,-0.53,55.84,56.07,-0.23,ok
US500,T2 tendance baissiere (C<SMA200),20,169163,1040,0.8704,1.1413,-0.107,2.16,-0.6,56.94,58.25,-1.31,ok
US500,T3 momentum 12-1 positif,1,344973,1006,0.0476,0.0543,0.002,1.97,0.3,52.3,52.13,0.17,ok
US500,T3 momentum 12-1 positif,3,344202,1004,0.1401,0.1621,0.0064,2.37,0.36,53.96,53.91,0.05,ok
US500,T3 momentum 12-1 positif,5,343429,1002,0.2385,0.2755,0.0108,2.59,0.39,54.63,54.74,-0.11,ok
US500,T3 momentum 12-1 positif,10,341552,997,0.4879,0.5687,0.0199,2.91,0.36,55.65,56.07,-0.42,ok
US500,T3 momentum 12-1 positif,20,337815,987,0.9573,1.1413,0.0361,3.0,0.37,57.39,58.25,-0.86,ok
US500,T4 SMA200 en pente positive,1,354231,1039,0.0447,0.0543,-0.0,1.86,-0.0,52.23,52.13,0.1,ok
US500,T4 SMA200 en pente positive,3,353466,1037,0.1318,0.1621,-0.0002,2.24,-0.01,53.79,53.91,-0.12,ok
US500,T4 SMA200 en pente positive,5,352686,1035,0.2243,0.2755,-0.0015,2.46,-0.06,54.42,54.74,-0.32,ok
US500,T4 SMA200 en pente positive,10,350749,1030,0.465,0.5687,-0.0052,2.81,-0.1,55.52,56.07,-0.55,ok
US500,T4 SMA200 en pente positive,20,346928,1020,0.9299,1.1413,-0.0111,2.97,-0.11,57.08,58.25,-1.16,ok
US500,R1 RSI2 < 10 (sans filtre),1,66826,1247,0.104,0.0543,0.0497,3.47,2.76,54.64,52.13,2.51,ok
US500,R1 RSI2 < 10 (sans filtre),3,66288,1245,0.2017,0.1621,0.0395,2.92,1.2,54.88,53.91,0.98,ok
US500,R1 RSI2 < 10 (sans filtre),5,65959,1243,0.2873,0.2755,0.0145,2.67,0.3,55.91,54.74,1.17,ok
US500,R1 RSI2 < 10 (sans filtre),10,65646,1238,0.556,0.5687,-0.0151,2.93,-0.2,57.06,56.07,0.99,ok
US500,R1 RSI2 < 10 (sans filtre),20,65312,1228,1.264,1.1413,0.1248,3.65,1.14,59.24,58.25,1.0,ok
US500,R2 3 cloture baissieres d'affilee,1,58596,1240,0.0909,0.0543,0.0344,3.1,1.93,54.32,52.13,2.19,ok
US500,R2 3 cloture baissieres d'affilee,3,58231,1238,0.2044,0.1621,0.041,3.04,1.19,54.67,53.91,0.76,ok
US500,R2 3 cloture baissieres d'affilee,5,58006,1236,0.3145,0.2755,0.0417,3.05,0.94,55.8,54.74,1.06,ok
US500,R2 3 cloture baissieres d'affilee,10,57697,1231,0.5972,0.5687,0.034,3.32,0.54,56.08,56.07,0.01,ok
US500,R2 3 cloture baissieres d'affilee,20,57397,1221,1.2059,1.1413,0.0787,3.61,0.81,58.53,58.25,0.28,ok
US500,R3 z-score 20j < -1.5,1,70720,1234,0.0926,0.0543,0.0391,3.17,2.33,54.56,52.13,2.43,ok
US500,R3 z-score 20j < -1.5,3,70088,1232,0.1685,0.1621,0.0064,2.41,0.18,55.81,53.91,1.91,ok
US500,R3 z-score 20j < -1.5,5,69837,1230,0.2373,0.2755,-0.0404,2.13,-0.75,57.2,54.74,2.46,ok
US500,R3 z-score 20j < -1.5,10,69675,1225,0.5267,0.5687,-0.0373,2.55,-0.41,59.07,56.07,3.0,ok
US500,R3 z-score 20j < -1.5,20,69291,1215,1.1516,1.1413,0.0287,3.01,0.19,60.34,58.25,2.1,ok
US500,P1 C>SMA200 & RSI2<10,1,28591,1006,0.1163,0.0543,0.0729,3.36,2.77,56.11,52.13,3.98,ok
US500,P1 C>SMA200 & RSI2<10,3,28287,1004,0.1956,0.1621,0.0698,2.71,1.54,56.28,53.91,2.37,ok
US500,P1 C>SMA200 & RSI2<10,5,28045,1002,0.3107,0.2755,0.0866,2.86,1.46,56.66,54.74,1.91,ok
US500,P1 C>SMA200 & RSI2<10,10,27826,997,0.494,0.5687,0.0024,2.71,0.03,57.31,56.07,1.24,ok
US500,P1 C>SMA200 & RSI2<10,20,27703,987,1.0339,1.1413,0.0801,3.31,0.56,59.37,58.25,1.12,ok
US500,P2 C>SMA200 & RSI2<5,1,13096,920,0.0269,0.0543,-0.0004,0.65,-0.01,55.99,52.13,3.85,ok
US500,P2 C>SMA200 & RSI2<5,3,12881,918,0.0658,0.1621,-0.0442,0.79,-0.76,56.96,53.91,3.05,ok
US500,P2 C>SMA200 & RSI2<5,5,12741,916,0.1392,0.2755,-0.0672,1.12,-0.81,56.69,54.74,1.95,ok
US500,P2 C>SMA200 & RSI2<5,10,12647,911,0.3484,0.5687,-0.1289,1.84,-1.12,56.85,56.07,0.78,ok
US500,P2 C>SMA200 & RSI2<5,20,12605,901,0.9797,1.1413,0.0442,3.09,0.28,59.07,58.25,0.83,ok
US500,P3 C>SMA200 & ext_ATR20 < -1,1,33299,1029,0.0865,0.0543,0.0489,2.62,2.36,55.36,52.13,3.22,ok
US500,P3 C>SMA200 & ext_ATR20 < -1,3,32869,1027,0.1536,0.1621,0.0345,2.02,0.86,56.59,53.91,2.68,ok
US500,P3 C>SMA200 & ext_ATR20 < -1,5,32695,1025,0.2529,0.2755,0.041,2.22,0.72,57.38,54.74,2.64,ok
US500,P3 C>SMA200 & ext_ATR20 < -1,10,32586,1020,0.5374,0.5687,0.0927,2.71,0.89,59.28,56.07,3.21,ok
US500,P3 C>SMA200 & ext_ATR20 < -1,20,32451,1010,1.0935,1.1413,0.1899,2.97,1.05,61.13,58.25,2.88,ok
US500,P4 C>SMA200 & 3 baisses d'affilee,1,27126,1015,0.087,0.0543,0.0454,2.57,1.67,55.17,52.13,3.03,ok
US500,P4 C>SMA200 & 3 baisses d'affilee,3,26938,1013,0.1193,0.1621,-0.0019,1.67,-0.04,55.13,53.91,1.22,ok
US500,P4 C>SMA200 & 3 baisses d'affilee,5,26768,1011,0.2145,0.2755,0.0053,1.98,0.09,56.03,54.74,1.29,ok
US500,P4 C>SMA200 & 3 baisses d'affilee,10,26545,1006,0.453,0.5687,-0.0161,2.55,-0.18,56.58,56.07,0.51,ok
US500,P4 C>SMA200 & 3 baisses d'affilee,20,26398,996,1.0365,1.1413,0.0853,3.32,0.58,58.61,58.25,0.36,ok
US500,P5 C>SMA200 & z20 < -1.5,1,26736,1004,0.1195,0.0543,0.0771,3.3,3.01,55.77,52.13,3.64,ok
US500,P5 C>SMA200 & z20 < -1.5,3,26386,1002,0.1953,0.1621,0.0676,2.49,1.53,56.78,53.91,2.88,ok
US500,P5 C>SMA200 & z20 < -1.5,5,26233,1000,0.2512,0.2755,0.0177,2.17,0.29,57.5,54.74,2.76,ok
US500,P5 C>SMA200 & z20 < -1.5,10,26139,995,0.4877,0.5687,0.0031,2.47,0.03,59.46,56.07,3.39,ok
US500,P5 C>SMA200 & z20 < -1.5,20,26034,985,1.0257,1.1413,0.0924,2.94,0.52,61.37,58.25,3.13,ok
US500,P6 C>SMA200 & pente+ & RSI2<10,1,25866,979,0.109,0.0543,0.0718,2.92,2.39,56.3,52.13,4.16,ok
US500,P6 C>SMA200 & pente+ & RSI2<10,3,25572,977,0.2026,0.1621,0.0896,2.65,1.77,56.15,53.91,2.24,ok
US500,P6 C>SMA200 & pente+ & RSI2<10,5,25347,975,0.3235,0.2755,0.1154,2.8,1.7,56.41,54.74,1.67,ok
US500,P6 C>SMA200 & pente+ & RSI2<10,10,25150,970,0.5087,0.5687,0.0333,2.7,0.32,57.15,56.07,1.07,ok
US500,P6 C>SMA200 & pente+ & RSI2<10,20,25041,960,1.0273,1.1413,0.123,3.15,0.79,58.77,58.25,0.53,ok
US500,P7 C<SMA200 & RSI2>90,1,16663,1013,0.0361,0.0543,-0.0062,1.05,-0.23,48.96,52.13,-3.18,ok
US500,P7 C<SMA200 & RSI2>90,3,16663,1013,0.1876,0.1621,0.0641,2.54,1.11,52.74,53.91,-1.17,ok
US500,P7 C<SMA200 & RSI2>90,5,16656,1011,0.2277,0.2755,0.0154,2.0,0.19,52.76,54.74,-1.98,ok
US500,P7 C<SMA200 & RSI2>90,10,16626,1006,0.3312,0.5687,-0.1124,1.57,-0.78,55.05,56.07,-1.02,ok
US500,P7 C<SMA200 & RSI2>90,20,16523,996,0.6989,1.1413,-0.2599,1.8,-1.08,57.3,58.25,-0.95,ok
US500,P8 C<SMA200 & pente- & RSI2>90,1,13301,977,0.0427,0.0543,-0.0001,1.18,-0.0,48.98,52.13,-3.15,ok
US500,P8 C<SMA200 & pente- & RSI2>90,3,13301,977,0.176,0.1621,0.0468,2.26,0.79,52.89,53.91,-1.02,ok
US500,P8 C<SMA200 & pente- & RSI2>90,5,13295,975,0.1895,0.2755,-0.0205,1.56,-0.25,52.84,54.74,-1.9,ok
US500,P8 C<SMA200 & pente- & RSI2>90,10,13272,971,0.324,0.5687,-0.1179,1.44,-0.81,55.19,56.07,-0.88,ok
US500,P8 C<SMA200 & pente- & RSI2>90,20,13179,961,0.5754,1.1413,-0.3334,1.33,-1.27,57.2,58.25,-1.05,ok
US500,B1 nouveau plus haut 20j,1,12683,992,-0.0271,0.0543,-0.0634,-0.77,-2.12,49.37,52.13,-2.76,ok
US500,B1 nouveau plus haut 20j,3,12683,992,0.033,0.1621,-0.0842,0.54,-1.85,52.23,53.91,-1.68,ok
US500,B1 nouveau plus haut 20j,5,12676,991,0.1042,0.2755,-0.1038,1.18,-1.71,53.41,54.74,-1.33,ok
US500,B1 nouveau plus haut 20j,10,12575,987,0.326,0.5687,-0.1089,2.28,-1.08,55.15,56.07,-0.92,ok
US500,B1 nouveau plus haut 20j,20,12318,978,0.5957,1.1413,-0.3416,2.49,-2.07,55.45,58.25,-2.8,ok
US500,B2 nouveau plus haut 252j,1,4417,698,-0.0178,0.0543,-0.063,-0.43,-1.71,48.74,52.13,-3.39,ok
US500,B2 nouveau plus haut 252j,3,4417,698,0.054,0.1621,-0.0867,0.82,-1.59,51.85,53.91,-2.06,ok
US500,B2 nouveau plus haut 252j,5,4411,697,0.117,0.2755,-0.0777,1.19,-0.99,51.85,54.74,-2.89,ok
US500,B2 nouveau plus haut 252j,10,4340,694,0.3024,0.5687,-0.0786,1.85,-0.55,53.66,56.07,-2.41,ok
US500,B2 nouveau plus haut 252j,20,4151,685,0.5187,1.1413,-0.2539,1.92,-1.12,55.05,58.25,-3.2,ok
US500,B3 nouveau plus bas 20j,1,5968,709,0.1256,0.0543,0.0961,1.44,1.18,54.41,52.13,2.27,ok
US500,B3 nouveau plus bas 20j,3,5850,708,0.3223,0.1621,0.1773,2.67,1.83,54.96,53.91,1.05,ok
US500,B3 nouveau plus bas 20j,5,5824,706,0.462,0.2755,0.1763,3.07,1.57,58.65,54.74,3.91,ok
US500,B3 nouveau plus bas 20j,10,5807,703,0.6394,0.5687,0.0572,2.62,0.37,61.53,56.07,5.46,ok
US500,B3 nouveau plus bas 20j,20,5778,698,1.3964,1.1413,0.1239,3.63,0.57,63.79,58.25,5.55,ok
US500,V1 vol calme (rang<0.3),1,168208,965,0.0324,0.0543,-0.0051,1.27,-0.4,51.62,52.13,-0.51,ok
US500,V1 vol calme (rang<0.3),3,168189,963,0.0849,0.1621,-0.039,1.4,-1.51,52.42,53.91,-1.49,ok
US500,V1 vol calme (rang<0.3),5,168031,961,0.172,0.2755,-0.04,1.86,-0.97,52.78,54.74,-1.96,ok
US500,V1 vol calme (rang<0.3),10,167359,956,0.4029,0.5687,-0.0364,2.42,-0.54,53.61,56.07,-2.46,ok
US500,V1 vol calme (rang<0.3),20,165318,946,0.8482,1.1413,0.0117,2.64,0.09,55.55,58.25,-2.7,ok
US500,V2 vol elevee (rang>0.8),1,103461,987,0.0252,0.0543,-0.0164,0.86,-1.54,52.7,52.13,0.57,ok
US500,V2 vol elevee (rang>0.8),3,102952,985,0.0809,0.1621,-0.0436,1.11,-1.68,55.12,53.91,1.22,ok
US500,V2 vol elevee (rang>0.8),5,102709,983,0.1578,0.2755,-0.0598,1.35,-1.4,56.44,54.74,1.7,ok
US500,V2 vol elevee (rang>0.8),10,102287,978,0.3763,0.5687,-0.0779,1.78,-1.04,58.49,56.07,2.42,ok
US500,V2 vol elevee (rang>0.8),20,101922,968,0.8043,1.1413,-0.1139,2.08,-0.88,60.4,58.25,2.15,ok
US500,V3 compression de range (<0.7),1,42832,1132,0.0555,0.0543,0.0189,2.05,1.27,50.87,52.13,-1.27,ok
US500,V3 compression de range (<0.7),3,42832,1132,0.1621,0.1621,0.0393,2.52,1.21,51.79,53.91,-2.12,ok
US500,V3 compression de range (<0.7),5,42828,1131,0.2754,0.2755,0.0588,2.75,1.12,52.39,54.74,-2.35,ok
US500,V3 compression de range (<0.7),10,42794,1126,0.616,0.5687,0.1893,3.47,2.31,52.42,56.07,-3.65,ok
US500,V3 compression de range (<0.7),20,42667,1116,1.0909,1.1413,0.2443,3.73,1.73,54.28,58.25,-3.96,ok
US500,X1 C>SMA200 & vol calme,1,194706,985,0.0465,0.0543,0.0074,1.88,0.6,51.76,52.13,-0.37,ok
US500,X1 C>SMA200 & vol calme,3,194658,983,0.1265,0.1621,0.004,2.1,0.12,52.86,53.91,-1.04,ok
US500,X1 C>SMA200 & vol calme,5,194358,981,0.2177,0.2755,0.0035,2.27,0.06,53.39,54.74,-1.35,ok
US500,X1 C>SMA200 & vol calme,10,193242,976,0.4426,0.5687,-0.008,2.5,-0.08,54.42,56.07,-1.65,ok
US500,X1 C>SMA200 & vol calme,20,190390,966,0.855,1.1413,-0.0503,2.58,-0.31,56.48,58.25,-1.77,ok
US500,X2 C>SMA200 & vol extreme,1,47464,987,0.014,0.0543,-0.0275,0.51,-1.99,52.73,52.13,0.6,ok
US500,X2 C>SMA200 & vol extreme,3,47132,985,0.0452,0.1621,-0.0793,0.7,-2.49,55.2,53.91,1.3,ok
US500,X2 C>SMA200 & vol extreme,5,46960,983,0.1048,0.2755,-0.1128,1.04,-2.21,56.43,54.74,1.69,ok
US500,X2 C>SMA200 & vol extreme,10,46633,978,0.2873,0.5687,-0.167,1.61,-1.83,57.87,56.07,1.79,ok
US500,X2 C>SMA200 & vol extreme,20,46407,968,0.6884,1.1413,-0.2298,2.08,-1.24,59.36,58.25,1.12,ok
US500,X3 C>SMA200 & RSI2<10 & vol<0.8,1,22664,908,0.1103,0.0543,0.0709,3.12,2.8,56.44,52.13,4.31,ok
US500,X3 C>SMA200 & RSI2<10 & vol<0.8,3,22507,906,0.1704,0.1621,0.0593,2.22,1.3,55.92,53.91,2.01,ok
US500,X3 C>SMA200 & RSI2<10 & vol<0.8,5,22321,904,0.2878,0.2755,0.0749,2.55,1.2,57.0,54.74,2.26,ok
US500,X3 C>SMA200 & RSI2<10 & vol<0.8,10,22146,899,0.4563,0.5687,-0.0132,2.55,-0.13,56.75,56.07,0.67,ok
US500,X3 C>SMA200 & RSI2<10 & vol<0.8,20,22045,889,0.9493,1.1413,0.0681,2.92,0.45,58.51,58.25,0.27,ok
US500,X4 C>SMA200 & RSI2<10 & vol>0.8,1,3439,668,0.0901,0.0543,0.0516,1.7,1.16,55.39,52.13,3.26,ok
US500,X4 C>SMA200 & RSI2<10 & vol>0.8,3,3292,666,0.1222,0.1621,0.0102,1.15,0.12,56.99,53.91,3.08,ok
US500,X4 C>SMA200 & RSI2<10 & vol>0.8,5,3236,664,0.2735,0.2755,0.0446,1.75,0.41,57.45,54.74,2.71,ok
US500,X4 C>SMA200 & RSI2<10 & vol>0.8,10,3192,659,0.483,0.5687,-0.0782,1.9,-0.41,60.37,56.07,4.3,ok
US500,X4 C>SMA200 & RSI2<10 & vol>0.8,20,3170,650,1.08,1.1413,0.0858,2.67,0.33,61.07,58.25,2.83,ok
US500,S1 cloture dans le haut de barre (>0.8),1,149741,1248,0.0561,0.0543,0.0081,2.32,0.64,50.68,52.13,-1.45,ok
US500,S1 cloture dans le haut de barre (>0.8),3,149381,1247,0.1423,0.1621,-0.0144,2.63,-0.73,53.42,53.91,-0.49,ok
US500,S1 cloture dans le haut de barre (>0.8),5,149273,1245,0.2184,0.2755,-0.049,2.54,-2.04,54.04,54.74,-0.7,ok
US500,S1 cloture dans le haut de barre (>0.8),10,148719,1240,0.5202,0.5687,-0.0346,3.31,-0.92,55.34,56.07,-0.73,ok
US500,S1 cloture dans le haut de barre (>0.8),20,147281,1230,1.0622,1.1413,-0.0593,3.78,-1.08,57.86,58.25,-0.39,ok
US500,S2 cloture dans le bas de barre (<0.2),1,123078,1252,0.0559,0.0543,0.008,2.08,0.55,53.39,52.13,1.26,ok
US500,S2 cloture dans le bas de barre (<0.2),3,122647,1250,0.1718,0.1621,0.0182,2.77,0.91,54.31,53.91,0.4,ok
US500,S2 cloture dans le bas de barre (<0.2),5,122205,1248,0.3,0.2755,0.0321,3.01,1.12,55.88,54.74,1.14,ok
US500,S2 cloture dans le bas de barre (<0.2),10,121539,1243,0.6259,0.5687,0.063,3.61,1.53,57.42,56.07,1.35,ok
US500,S2 cloture dans le bas de barre (<0.2),20,120734,1233,1.183,1.1413,0.0396,3.71,0.72,59.23,58.25,0.99,ok
US500,S3 C>SMA200 & RSI2<10 & cloture>0.5,1,4743,767,0.0271,0.0543,-0.0251,0.29,-0.28,54.29,52.13,2.16,ok
US500,S3 C>SMA200 & RSI2<10 & cloture>0.5,3,4700,765,0.0747,0.1621,-0.0616,0.65,-0.62,55.28,53.91,1.37,ok
US500,S3 C>SMA200 & RSI2<10 & cloture>0.5,5,4677,763,0.1837,0.2755,-0.0617,1.3,-0.55,56.13,54.74,1.39,ok
US500,S3 C>SMA200 & RSI2<10 & cloture>0.5,10,4645,758,0.3462,0.5687,-0.1718,1.69,-1.21,56.88,56.07,0.81,ok
US500,S3 C>SMA200 & RSI2<10 & cloture>0.5,20,4623,749,0.8403,1.1413,-0.1228,2.32,-0.62,60.26,58.25,2.02,ok
US500,C1 tour du mois (jour>=28 ou <=3),1,128652,262,0.0407,0.0543,0.0,0.8,0.0,50.86,52.13,-1.27,ok
US500,C1 tour du mois (jour>=28 ou <=3),3,128652,262,0.0359,0.1621,0.0,0.32,0.0,51.08,53.91,-2.82,ok
US500,C1 tour du mois (jour>=28 ou <=3),5,127656,260,0.0952,0.2755,0.0,0.55,0.0,51.89,54.74,-2.85,ok
US500,C1 tour du mois (jour>=28 ou <=3),10,126162,257,0.4495,0.5687,0.0,1.51,0.0,54.32,56.07,-1.76,ok
US500,C1 tour du mois (jour>=28 ou <=3),20,126162,257,1.2091,1.1413,0.0,4.29,0.0,58.35,58.25,0.1,ok
US500,C2 lundi,1,115776,236,0.0523,0.0543,0.0,1.06,0.0,51.7,52.13,-0.43,ok
US500,C2 lundi,3,115278,235,0.2021,0.1621,0.0,2.46,0.0,53.36,53.91,-0.54,ok
US500,C2 lundi,5,115278,235,0.2679,0.2755,0.0,2.62,0.0,55.14,54.74,0.4,ok
US500,C2 lundi,10,114780,234,0.5587,0.5687,0.0,3.51,0.0,56.11,56.07,0.04,ok
US500,C2 lundi,20,114282,233,1.1151,1.1413,0.0,3.79,0.0,58.16,58.25,-0.08,ok
SPX,T1 tendance haussiere (C>SMA200),1,9944,9944,0.0387,0.0297,0.009,4.88,1.14,53.76,52.69,1.07,ok
SPX,T1 tendance haussiere (C>SMA200),3,9944,9944,0.1147,0.0896,0.0251,5.65,1.24,56.53,55.09,1.44,ok
SPX,T1 tendance haussiere (C>SMA200),5,9944,9944,0.1889,0.1496,0.0393,5.71,1.19,57.58,55.83,1.75,ok
SPX,T1 tendance haussiere (C>SMA200),10,9944,9944,0.3696,0.299,0.0706,5.76,1.1,59.91,57.95,1.96,ok
SPX,T1 tendance haussiere (C>SMA200),20,9943,9943,0.718,0.6024,0.1156,5.81,0.94,62.61,60.34,2.27,ok
SPX,T2 tendance baissiere (C<SMA200),1,4199,4199,0.0145,0.0297,-0.0152,0.67,-0.7,50.51,52.69,-2.18,ok
SPX,T2 tendance baissiere (C<SMA200),3,4197,4197,0.0489,0.0896,-0.0407,0.95,-0.79,52.16,55.09,-2.93,ok
SPX,T2 tendance baissiere (C<SMA200),5,4195,4195,0.0876,0.1496,-0.062,1.08,-0.77,52.42,55.83,-3.41,ok
SPX,T2 tendance baissiere (C<SMA200),10,4190,4190,0.1969,0.299,-0.1022,1.29,-0.67,54.2,57.95,-3.75,ok
SPX,T2 tendance baissiere (C<SMA200),20,4181,4181,0.4443,0.6024,-0.1581,1.46,-0.52,55.78,60.34,-4.56,ok
SPX,T3 momentum 12-1 positif,1,10339,10339,0.0384,0.0297,0.0087,4.38,1.0,53.72,52.69,1.03,ok
SPX,T3 momentum 12-1 positif,3,10337,10337,0.1092,0.0896,0.0197,5.02,0.9,56.04,55.09,0.95,ok
SPX,T3 momentum 12-1 positif,5,10335,10335,0.1778,0.1496,0.0282,5.12,0.81,57.07,55.83,1.24,ok
SPX,T3 momentum 12-1 positif,10,10330,10330,0.3519,0.299,0.0529,5.34,0.8,59.38,57.95,1.43,ok
SPX,T3 momentum 12-1 positif,20,10320,10320,0.6981,0.6024,0.0957,5.5,0.75,61.93,60.34,1.59,ok
SPX,T4 SMA200 en pente positive,1,10289,10289,0.0384,0.0297,0.0087,4.47,1.02,53.88,52.69,1.19,ok
SPX,T4 SMA200 en pente positive,3,10289,10289,0.1159,0.0896,0.0264,5.42,1.23,56.44,55.09,1.35,ok
SPX,T4 SMA200 en pente positive,5,10289,10289,0.1947,0.1496,0.0451,5.7,1.32,57.62,55.83,1.79,ok
SPX,T4 SMA200 en pente positive,10,10289,10289,0.3875,0.299,0.0885,5.98,1.36,60.11,57.95,2.16,ok
SPX,T4 SMA200 en pente positive,20,10289,10289,0.7526,0.6024,0.1502,6.05,1.21,62.91,60.34,2.58,ok
SPX,R1 RSI2 < 10 (sans filtre),1,1838,1838,-0.0016,0.0297,-0.0313,-0.05,-1.01,51.31,52.69,-1.39,ok
SPX,R1 RSI2 < 10 (sans filtre),3,1836,1836,0.1596,0.0896,0.0701,2.71,1.19,54.68,55.09,-0.41,ok
SPX,R1 RSI2 < 10 (sans filtre),5,1834,1834,0.3144,0.1496,0.1648,3.52,1.84,55.13,55.83,-0.71,ok
SPX,R1 RSI2 < 10 (sans filtre),10,1833,1833,0.4852,0.299,0.1862,3.14,1.21,57.56,57.95,-0.39,ok
SPX,R1 RSI2 < 10 (sans filtre),20,1832,1832,0.8439,0.6024,0.2416,3.36,0.96,59.44,60.34,-0.89,ok
SPX,R2 3 cloture baissieres d'affilee,1,1599,1599,0.0113,0.0297,-0.0184,0.35,-0.57,52.66,52.69,-0.03,ok
SPX,R2 3 cloture baissieres d'affilee,3,1599,1599,0.1682,0.0896,0.0787,2.82,1.32,54.28,55.09,-0.81,ok
SPX,R2 3 cloture baissieres d'affilee,5,1598,1598,0.3055,0.1496,0.1559,3.4,1.74,54.76,55.83,-1.07,ok
SPX,R2 3 cloture baissieres d'affilee,10,1598,1598,0.4422,0.299,0.1432,2.78,0.9,57.2,57.95,-0.75,ok
SPX,R2 3 cloture baissieres d'affilee,20,1597,1597,0.7396,0.6024,0.1372,2.97,0.55,58.92,60.34,-1.41,ok
SPX,R3 z-score 20j < -1.5,1,1745,1745,0.0064,0.0297,-0.0233,0.19,-0.69,50.95,52.69,-1.75,ok
SPX,R3 z-score 20j < -1.5,3,1743,1743,0.1338,0.0896,0.0442,1.87,0.62,53.99,55.09,-1.1,ok
SPX,R3 z-score 20j < -1.5,5,1741,1741,0.3007,0.1496,0.1511,2.71,1.36,55.26,55.83,-0.58,ok
SPX,R3 z-score 20j < -1.5,10,1740,1740,0.4959,0.299,0.1969,2.69,1.07,58.45,57.95,0.5,ok
SPX,R3 z-score 20j < -1.5,20,1738,1738,0.9138,0.6024,0.3114,2.98,1.01,61.1,60.34,0.77,ok
SPX,P1 C>SMA200 & RSI2<10,1,939,939,0.0458,0.0297,0.0161,1.59,0.56,54.63,52.69,1.94,ok
SPX,P1 C>SMA200 & RSI2<10,3,939,939,0.2276,0.0896,0.138,3.7,2.25,57.61,55.09,2.52,ok
SPX,P1 C>SMA200 & RSI2<10,5,939,939,0.3134,0.1496,0.1638,3.1,1.62,58.47,55.83,2.64,ok
SPX,P1 C>SMA200 & RSI2<10,10,939,939,0.4571,0.299,0.158,2.5,0.86,59.96,57.95,2.01,ok
SPX,P1 C>SMA200 & RSI2<10,20,939,939,0.891,0.6024,0.2886,4.04,1.31,62.62,60.34,2.28,ok
SPX,P2 C>SMA200 & RSI2<5,1,467,467,0.094,0.0297,0.0643,2.19,1.5,55.25,52.69,2.55,ok
SPX,P2 C>SMA200 & RSI2<5,3,467,467,0.2397,0.0896,0.1501,2.58,1.61,57.39,55.09,2.3,ok
SPX,P2 C>SMA200 & RSI2<5,5,467,467,0.2114,0.1496,0.0618,1.33,0.39,56.96,55.83,1.13,ok
SPX,P2 C>SMA200 & RSI2<5,10,467,467,0.4147,0.299,0.1156,1.68,0.47,60.6,57.95,2.65,ok
SPX,P2 C>SMA200 & RSI2<5,20,467,467,0.8784,0.6024,0.276,3.49,1.1,63.38,60.34,3.05,ok
SPX,P3 C>SMA200 & ext_ATR20 < -1,1,896,896,0.0691,0.0297,0.0394,2.17,1.24,57.14,52.69,4.45,ok
SPX,P3 C>SMA200 & ext_ATR20 < -1,3,896,896,0.2817,0.0896,0.1922,3.64,2.49,59.15,55.09,4.06,ok
SPX,P3 C>SMA200 & ext_ATR20 < -1,5,896,896,0.4167,0.1496,0.2671,3.49,2.24,60.27,55.83,4.44,ok
SPX,P3 C>SMA200 & ext_ATR20 < -1,10,896,896,0.7653,0.299,0.4663,4.33,2.64,64.29,57.95,6.34,ok
SPX,P3 C>SMA200 & ext_ATR20 < -1,20,896,896,1.4108,0.6024,0.8084,4.56,2.61,69.75,60.34,9.42,ok
SPX,P4 C>SMA200 & 3 baisses d'affilee,1,863,863,0.0604,0.0297,0.0307,1.96,1.0,55.97,52.69,3.28,ok
SPX,P4 C>SMA200 & 3 baisses d'affilee,3,863,863,0.2173,0.0896,0.1277,3.54,2.08,57.01,55.09,1.92,ok
SPX,P4 C>SMA200 & 3 baisses d'affilee,5,863,863,0.2914,0.1496,0.1418,2.88,1.4,57.01,55.83,1.18,ok
SPX,P4 C>SMA200 & 3 baisses d'affilee,10,863,863,0.4339,0.299,0.1348,2.61,0.81,58.98,57.95,1.03,ok
SPX,P4 C>SMA200 & 3 baisses d'affilee,20,863,863,0.7774,0.6024,0.175,4.09,0.92,61.53,60.34,1.19,ok
SPX,P5 C>SMA200 & z20 < -1.5,1,750,750,0.0165,0.0297,-0.0132,0.5,-0.4,52.93,52.69,0.24,ok
SPX,P5 C>SMA200 & z20 < -1.5,3,750,750,0.1678,0.0896,0.0782,2.13,0.99,56.4,55.09,1.31,ok
SPX,P5 C>SMA200 & z20 < -1.5,5,750,750,0.3518,0.1496,0.2022,2.73,1.57,57.87,55.83,2.04,ok
SPX,P5 C>SMA200 & z20 < -1.5,10,750,750,0.5569,0.299,0.2579,3.01,1.39,62.8,57.95,4.85,ok
SPX,P5 C>SMA200 & z20 < -1.5,20,750,750,1.1144,0.6024,0.512,4.07,1.87,67.33,60.34,7.0,ok
SPX,P6 C>SMA200 & pente+ & RSI2<10,1,906,906,0.0427,0.0297,0.013,1.44,0.44,54.19,52.69,1.5,ok
SPX,P6 C>SMA200 & pente+ & RSI2<10,3,906,906,0.2217,0.0896,0.1322,3.52,2.1,57.73,55.09,2.64,ok
SPX,P6 C>SMA200 & pente+ & RSI2<10,5,906,906,0.2849,0.1496,0.1353,2.73,1.3,58.39,55.83,2.56,ok
SPX,P6 C>SMA200 & pente+ & RSI2<10,10,906,906,0.3879,0.299,0.0888,2.1,0.48,59.38,57.95,1.43,ok
SPX,P6 C>SMA200 & pente+ & RSI2<10,20,906,906,0.8015,0.6024,0.1992,3.5,0.87,61.92,60.34,1.58,ok
SPX,P7 C<SMA200 & RSI2>90,1,488,488,-0.0097,0.0297,-0.0394,-0.19,-0.78,52.05,52.69,-0.64,ok
SPX,P7 C<SMA200 & RSI2>90,3,488,488,-0.1842,0.0896,-0.2737,-1.69,-2.51,48.77,55.09,-6.32,ok
SPX,P7 C<SMA200 & RSI2>90,5,488,488,-0.2866,0.1496,-0.4362,-1.86,-2.84,51.84,55.83,-3.99,ok
SPX,P7 C<SMA200 & RSI2>90,10,488,488,-0.2877,0.299,-0.5868,-1.14,-2.33,47.95,57.95,-10.0,ok
SPX,P7 C<SMA200 & RSI2>90,20,486,486,0.0633,0.6024,-0.5391,0.14,-1.17,55.35,60.34,-4.99,ok
SPX,P8 C<SMA200 & pente- & RSI2>90,1,395,395,-0.0284,0.0297,-0.0581,-0.48,-0.98,50.38,52.69,-2.31,ok
SPX,P8 C<SMA200 & pente- & RSI2>90,3,395,395,-0.2626,0.0896,-0.3521,-2.03,-2.73,46.58,55.09,-8.51,ok
SPX,P8 C<SMA200 & pente- & RSI2>90,5,395,395,-0.4351,0.1496,-0.5847,-2.44,-3.28,48.61,55.83,-7.22,ok
SPX,P8 C<SMA200 & pente- & RSI2>90,10,395,395,-0.5677,0.299,-0.8667,-2.1,-3.21,42.78,57.95,-15.17,ok
SPX,P8 C<SMA200 & pente- & RSI2>90,20,393,393,-0.413,0.6024,-1.0153,-0.85,-2.1,49.62,60.34,-10.72,ok
SPX,B1 nouveau plus haut 20j,1,729,729,0.0121,0.0297,-0.0176,0.51,-0.74,49.52,52.69,-3.17,ok
SPX,B1 nouveau plus haut 20j,3,729,729,0.0445,0.0896,-0.0451,0.95,-0.96,53.77,55.09,-1.32,ok
SPX,B1 nouveau plus haut 20j,5,729,729,0.1036,0.1496,-0.046,1.55,-0.69,56.52,55.83,0.69,ok
SPX,B1 nouveau plus haut 20j,10,729,729,0.3889,0.299,0.0898,3.61,0.83,63.92,57.95,5.97,ok
SPX,B1 nouveau plus haut 20j,20,729,729,0.6088,0.6024,0.0064,3.42,0.04,63.51,60.34,3.18,ok
SPX,B2 nouveau plus haut 252j,1,467,467,0.0087,0.0297,-0.021,0.34,-0.82,50.96,52.69,-1.73,ok
SPX,B2 nouveau plus haut 252j,3,467,467,0.0402,0.0896,-0.0493,0.73,-0.89,53.75,55.09,-1.34,ok
SPX,B2 nouveau plus haut 252j,5,467,467,0.0758,0.1496,-0.0738,0.89,-0.87,56.32,55.83,0.49,ok
SPX,B2 nouveau plus haut 252j,10,467,467,0.3607,0.299,0.0617,2.55,0.44,65.31,57.95,7.36,ok
SPX,B2 nouveau plus haut 252j,20,467,467,0.4728,0.6024,-0.1296,1.94,-0.53,62.1,60.34,1.76,ok
SPX,B3 nouveau plus bas 20j,1,186,186,0.1837,0.0297,0.154,1.54,1.29,59.14,52.69,6.45,ok
SPX,B3 nouveau plus bas 20j,3,186,186,0.4353,0.0896,0.3458,2.08,1.65,61.29,55.09,6.2,ok
SPX,B3 nouveau plus bas 20j,5,186,186,0.6976,0.1496,0.548,2.89,2.27,63.44,55.83,7.61,ok
SPX,B3 nouveau plus bas 20j,10,186,186,0.8834,0.299,0.5844,2.8,1.85,65.59,57.95,7.64,ok
SPX,B3 nouveau plus bas 20j,20,186,186,1.5749,0.6024,0.9725,2.95,1.82,71.51,60.34,11.17,ok
SPX,V1 vol calme (rang<0.3),1,4945,4945,0.0122,0.0297,-0.0175,1.2,-1.73,53.1,52.69,0.41,ok
SPX,V1 vol calme (rang<0.3),3,4945,4945,0.0478,0.0896,-0.0418,1.88,-1.64,54.52,55.09,-0.57,ok
SPX,V1 vol calme (rang<0.3),5,4945,4945,0.0958,0.1496,-0.0538,2.32,-1.3,54.98,55.83,-0.85,ok
SPX,V1 vol calme (rang<0.3),10,4945,4945,0.2225,0.299,-0.0765,2.8,-0.96,57.29,57.95,-0.66,ok
SPX,V1 vol calme (rang<0.3),20,4945,4945,0.4859,0.6024,-0.1164,3.21,-0.77,60.04,60.34,-0.3,ok
SPX,V2 vol elevee (rang>0.8),1,3378,3378,0.0301,0.0297,0.0004,1.18,0.01,51.87,52.69,-0.83,ok
SPX,V2 vol elevee (rang>0.8),3,3376,3376,0.0882,0.0896,-0.0014,1.46,-0.02,54.62,55.09,-0.47,ok
SPX,V2 vol elevee (rang>0.8),5,3374,3374,0.1331,0.1496,-0.0165,1.41,-0.17,55.39,55.83,-0.44,ok
SPX,V2 vol elevee (rang>0.8),10,3369,3369,0.256,0.299,-0.0431,1.47,-0.25,57.02,57.95,-0.93,ok
SPX,V2 vol elevee (rang>0.8),20,3359,3359,0.7108,0.6024,0.1084,2.22,0.34,60.08,60.34,-0.26,ok
SPX,V3 compression de range (<0.7),1,972,972,0.0128,0.0297,-0.0168,0.46,-0.6,53.09,52.69,0.4,ok
SPX,V3 compression de range (<0.7),3,972,972,0.0072,0.0896,-0.0824,0.11,-1.24,52.57,55.09,-2.52,ok
SPX,V3 compression de range (<0.7),5,972,972,0.0522,0.1496,-0.0974,0.49,-0.91,54.63,55.83,-1.2,ok
SPX,V3 compression de range (<0.7),10,972,972,0.2408,0.299,-0.0582,1.34,-0.32,60.39,57.95,2.44,ok
SPX,V3 compression de range (<0.7),20,971,971,0.628,0.6024,0.0256,2.06,0.08,64.78,60.34,4.44,ok
SPX,X1 C>SMA200 & vol calme,1,6082,6082,0.0376,0.0297,0.0079,4.17,0.88,54.03,52.69,1.34,ok
SPX,X1 C>SMA200 & vol calme,3,6082,6082,0.1102,0.0896,0.0206,4.91,0.92,56.35,55.09,1.26,ok
SPX,X1 C>SMA200 & vol calme,5,6082,6082,0.1726,0.1496,0.023,4.78,0.64,57.02,55.83,1.19,ok
SPX,X1 C>SMA200 & vol calme,10,6082,6082,0.3199,0.299,0.0209,4.69,0.31,59.13,57.95,1.18,ok
SPX,X1 C>SMA200 & vol calme,20,6082,6082,0.622,0.6024,0.0197,4.89,0.15,61.99,60.34,1.65,ok
SPX,X2 C>SMA200 & vol extreme,1,1517,1517,0.048,0.0297,0.0183,1.81,0.69,52.8,52.69,0.11,ok
SPX,X2 C>SMA200 & vol extreme,3,1517,1517,0.1208,0.0896,0.0313,1.76,0.45,56.82,55.09,1.73,ok
SPX,X2 C>SMA200 & vol extreme,5,1517,1517,0.2148,0.1496,0.0652,1.91,0.58,58.01,55.83,2.18,ok
SPX,X2 C>SMA200 & vol extreme,10,1517,1517,0.4094,0.299,0.1103,1.9,0.51,60.18,57.95,2.23,ok
SPX,X2 C>SMA200 & vol extreme,20,1516,1516,0.9242,0.6024,0.3218,2.49,0.87,62.34,60.34,2.0,ok
SPX,X3 C>SMA200 & RSI2<10 & vol<0.8,1,781,781,0.0333,0.0297,0.0036,1.19,0.13,54.29,52.69,1.6,ok
SPX,X3 C>SMA200 & RSI2<10 & vol<0.8,3,781,781,0.2306,0.0896,0.141,3.75,2.29,57.75,55.09,2.66,ok
SPX,X3 C>SMA200 & RSI2<10 & vol<0.8,5,781,781,0.3073,0.1496,0.1577,3.31,1.7,58.13,55.83,2.3,ok
SPX,X3 C>SMA200 & RSI2<10 & vol<0.8,10,781,781,0.5464,0.299,0.2473,3.62,1.64,60.69,57.95,2.74,ok
SPX,X3 C>SMA200 & RSI2<10 & vol<0.8,20,781,781,0.8747,0.6024,0.2723,5.13,1.6,61.97,60.34,1.64,ok
SPX,X4 C>SMA200 & RSI2<10 & vol>0.8,1,158,158,0.1077,0.0297,0.078,1.1,0.8,56.33,52.69,3.64,ok
SPX,X4 C>SMA200 & RSI2<10 & vol>0.8,3,158,158,0.2128,0.0896,0.1232,1.07,0.62,56.96,55.09,1.87,ok
SPX,X4 C>SMA200 & RSI2<10 & vol>0.8,5,158,158,0.3436,0.1496,0.194,0.89,0.5,60.13,55.83,4.3,ok
SPX,X4 C>SMA200 & RSI2<10 & vol>0.8,10,158,158,0.0157,0.299,-0.2833,0.02,-0.36,56.33,57.95,-1.62,ok
SPX,X4 C>SMA200 & RSI2<10 & vol>0.8,20,158,158,0.9715,0.6024,0.3691,1.15,0.44,65.82,60.34,5.49,ok
SPX,S1 cloture dans le haut de barre (>0.8),1,3252,3252,0.0527,0.0297,0.023,3.04,1.33,52.64,52.69,-0.05,ok
SPX,S1 cloture dans le haut de barre (>0.8),3,3252,3252,0.1017,0.0896,0.0121,3.01,0.36,56.58,55.09,1.49,ok
SPX,S1 cloture dans le haut de barre (>0.8),5,3252,3252,0.1293,0.1496,-0.0203,2.56,-0.4,56.98,55.83,1.15,ok
SPX,S1 cloture dans le haut de barre (>0.8),10,3251,3251,0.2846,0.299,-0.0145,3.02,-0.15,58.2,57.95,0.25,ok
SPX,S1 cloture dans le haut de barre (>0.8),20,3246,3246,0.6327,0.6024,0.0304,3.52,0.17,62.14,60.34,1.8,ok
SPX,S2 cloture dans le bas de barre (<0.2),1,2227,2227,0.022,0.0297,-0.0077,0.81,-0.29,53.48,52.69,0.79,ok
SPX,S2 cloture dans le bas de barre (<0.2),3,2226,2226,0.2088,0.0896,0.1192,4.05,2.31,56.69,55.09,1.6,ok
SPX,S2 cloture dans le bas de barre (<0.2),5,2226,2226,0.3456,0.1496,0.196,4.78,2.71,57.59,55.83,1.76,ok
SPX,S2 cloture dans le bas de barre (<0.2),10,2224,2224,0.5696,0.299,0.2705,4.66,2.21,59.76,57.95,1.81,ok
SPX,S2 cloture dans le bas de barre (<0.2),20,2221,2221,0.9456,0.6024,0.3432,4.22,1.53,63.8,60.34,3.46,ok
SPX,S3 C>SMA200 & RSI2<10 & cloture>0.5,1,134,134,0.112,0.0297,0.0823,1.47,1.08,58.96,52.69,6.26,ok
SPX,S3 C>SMA200 & RSI2<10 & cloture>0.5,3,134,134,0.1808,0.0896,0.0912,1.23,0.62,55.22,55.09,0.13,ok
SPX,S3 C>SMA200 & RSI2<10 & cloture>0.5,5,134,134,0.0694,0.1496,-0.0802,0.25,-0.29,54.48,55.83,-1.35,ok
SPX,S3 C>SMA200 & RSI2<10 & cloture>0.5,10,134,134,-0.1493,0.299,-0.4483,-0.38,-1.16,50.75,57.95,-7.2,ok
SPX,S3 C>SMA200 & RSI2<10 & cloture>0.5,20,134,134,0.3704,0.6024,-0.232,0.95,-0.6,58.21,60.34,-2.13,ok
SPX,C1 tour du mois (jour>=28 ou <=3),1,2989,2989,0.0831,0.0297,0.0534,4.47,2.87,54.67,52.69,1.98,ok
SPX,C1 tour du mois (jour>=28 ou <=3),3,2989,2989,0.2021,0.0896,0.1126,4.76,2.65,57.61,55.09,2.52,ok
SPX,C1 tour du mois (jour>=28 ou <=3),5,2989,2989,0.2303,0.1496,0.0807,3.61,1.27,57.64,55.83,1.81,ok
SPX,C1 tour du mois (jour>=28 ou <=3),10,2989,2989,0.4281,0.299,0.1291,4.19,1.26,59.45,57.95,1.5,ok
SPX,C1 tour du mois (jour>=28 ou <=3),20,2985,2985,0.5454,0.6024,-0.057,3.47,-0.36,59.1,60.34,-1.24,ok
SPX,C2 lundi,1,2739,2739,0.0504,0.0297,0.0207,2.73,1.12,51.73,52.69,-0.96,ok
SPX,C2 lundi,3,2739,2739,0.1529,0.0896,0.0634,4.92,2.04,56.37,55.09,1.28,ok
SPX,C2 lundi,5,2738,2738,0.1519,0.1496,0.0023,3.54,0.05,54.78,55.83,-1.05,ok
SPX,C2 lundi,10,2737,2737,0.3007,0.299,0.0017,3.8,0.02,57.29,57.95,-0.66,ok
SPX,C2 lundi,20,2735,2735,0.6546,0.6024,0.0522,4.19,0.33,60.95,60.34,0.61,ok
BTC,T1 tendance haussiere (C>SMA200),1,3197,3197,0.3755,0.2616,0.1139,5.02,1.52,54.21,52.46,1.75,ok
BTC,T1 tendance haussiere (C>SMA200),3,3195,3195,1.1557,0.7749,0.3808,6.05,1.99,56.87,55.14,1.73,ok
BTC,T1 tendance haussiere (C>SMA200),5,3193,3193,1.9215,1.2904,0.6312,5.83,1.92,56.75,54.84,1.91,ok
BTC,T1 tendance haussiere (C>SMA200),10,3188,3188,3.9638,2.6533,1.3105,5.25,1.74,57.15,55.45,1.7,ok
BTC,T1 tendance haussiere (C>SMA200),20,3178,3178,8.4854,5.6943,2.7911,4.31,1.42,58.28,56.23,2.05,ok
BTC,T2 tendance baissiere (C<SMA200),1,1978,1978,0.0623,0.2616,-0.1993,0.8,-2.57,49.65,52.46,-2.81,ok
BTC,T2 tendance baissiere (C<SMA200),3,1978,1978,0.1332,0.7749,-0.6417,0.71,-3.4,52.17,55.14,-2.96,ok
BTC,T2 tendance baissiere (C<SMA200),5,1978,1978,0.2492,1.2904,-1.0411,0.82,-3.42,51.31,54.84,-3.53,ok
BTC,T2 tendance baissiere (C<SMA200),10,1978,1978,0.5642,2.6533,-2.0891,0.95,-3.52,52.22,55.45,-3.23,ok
BTC,T2 tendance baissiere (C<SMA200),20,1978,1978,1.2834,5.6943,-4.4108,1.09,-3.76,52.22,56.23,-4.0,ok
BTC,T3 momentum 12-1 positif,1,3624,3624,0.3752,0.2616,0.1136,5.5,1.67,53.81,52.46,1.35,ok
BTC,T3 momentum 12-1 positif,3,3624,3624,1.107,0.7749,0.3321,6.36,1.91,56.62,55.14,1.48,ok
BTC,T3 momentum 12-1 positif,5,3624,3624,1.8394,1.2904,0.549,6.17,1.84,56.87,54.84,2.03,ok
BTC,T3 momentum 12-1 positif,10,3624,3624,3.822,2.6533,1.1687,5.63,1.72,57.01,55.45,1.56,ok
BTC,T3 momentum 12-1 positif,20,3624,3624,8.105,5.6943,2.4107,4.63,1.38,58.47,56.23,2.24,ok
BTC,T4 SMA200 en pente positive,1,3513,3513,0.3542,0.2616,0.0926,5.01,1.31,53.74,52.46,1.29,ok
BTC,T4 SMA200 en pente positive,3,3511,3511,1.0584,0.7749,0.2835,5.88,1.57,56.19,55.14,1.06,ok
BTC,T4 SMA200 en pente positive,5,3509,3509,1.7648,1.2904,0.4745,5.73,1.54,56.28,54.84,1.44,ok
BTC,T4 SMA200 en pente positive,10,3504,3504,3.5885,2.6533,0.9352,5.15,1.34,56.14,55.45,0.68,ok
BTC,T4 SMA200 en pente positive,20,3498,3498,7.723,5.6943,2.0287,4.29,1.13,57.78,56.23,1.55,ok
BTC,R1 RSI2 < 10 (sans filtre),1,555,555,0.5666,0.2616,0.305,2.8,1.51,58.2,52.46,5.74,ok
BTC,R1 RSI2 < 10 (sans filtre),3,555,555,0.4974,0.7749,-0.2775,1.25,-0.7,55.86,55.14,0.72,ok
BTC,R1 RSI2 < 10 (sans filtre),5,555,555,0.6459,1.2904,-0.6444,1.22,-1.21,55.5,54.84,0.65,ok
BTC,R1 RSI2 < 10 (sans filtre),10,554,554,1.2555,2.6533,-1.3978,1.59,-1.77,55.05,55.45,-0.4,ok
BTC,R1 RSI2 < 10 (sans filtre),20,554,554,2.3457,5.6943,-3.3486,1.87,-2.67,54.15,56.23,-2.08,ok
BTC,R2 3 cloture baissieres d'affilee,1,519,519,0.5209,0.2616,0.2593,2.68,1.33,56.07,52.46,3.61,ok
BTC,R2 3 cloture baissieres d'affilee,3,519,519,0.8729,0.7749,0.098,1.95,0.22,57.61,55.14,2.47,ok
BTC,R2 3 cloture baissieres d'affilee,5,519,519,0.9444,1.2904,-0.3459,1.58,-0.58,56.45,54.84,1.61,ok
BTC,R2 3 cloture baissieres d'affilee,10,517,517,1.4103,2.6533,-1.243,1.54,-1.36,54.35,55.45,-1.1,ok
BTC,R2 3 cloture baissieres d'affilee,20,517,517,1.9454,5.6943,-3.7489,1.33,-2.57,51.64,56.23,-4.58,ok
BTC,R3 z-score 20j < -1.5,1,547,547,0.1919,0.2616,-0.0697,0.94,-0.34,54.84,52.46,2.39,ok
BTC,R3 z-score 20j < -1.5,3,547,547,0.193,0.7749,-0.5819,0.48,-1.45,55.94,55.14,0.8,ok
BTC,R3 z-score 20j < -1.5,5,546,546,0.367,1.2904,-0.9233,0.62,-1.55,56.59,54.84,1.75,ok
BTC,R3 z-score 20j < -1.5,10,545,545,0.9796,2.6533,-1.6737,1.02,-1.75,52.29,55.45,-3.16,ok
BTC,R3 z-score 20j < -1.5,20,545,545,0.6548,5.6943,-5.0395,0.48,-3.72,49.17,56.23,-7.05,ok
BTC,P1 C>SMA200 & RSI2<10,1,248,248,0.6076,0.2616,0.346,1.86,1.06,57.26,52.46,4.8,ok
BTC,P1 C>SMA200 & RSI2<10,3,248,248,1.0422,0.7749,0.2673,1.69,0.43,57.26,55.14,2.12,ok
BTC,P1 C>SMA200 & RSI2<10,5,248,248,1.093,1.2904,-0.1973,1.37,-0.25,53.63,54.84,-1.21,ok
BTC,P1 C>SMA200 & RSI2<10,10,247,247,2.0024,2.6533,-0.6509,1.63,-0.53,55.47,55.45,0.01,ok
BTC,P1 C>SMA200 & RSI2<10,20,247,247,4.0626,5.6943,-1.6317,2.11,-0.85,56.28,56.23,0.05,ok
BTC,P2 C>SMA200 & RSI2<5,1,117,117,0.7686,0.2616,0.507,1.45,0.96,58.12,52.46,5.66,ok
BTC,P2 C>SMA200 & RSI2<5,3,117,117,1.6016,0.7749,0.8267,2.3,1.19,61.54,55.14,6.4,ok
BTC,P2 C>SMA200 & RSI2<5,5,117,117,1.8812,1.2904,0.5908,1.43,0.45,59.83,54.84,4.99,ok
BTC,P2 C>SMA200 & RSI2<5,10,116,116,2.2479,2.6533,-0.4054,1.4,-0.25,55.17,55.45,-0.28,ok
BTC,P2 C>SMA200 & RSI2<5,20,116,116,3.1996,5.6943,-2.4946,1.51,-1.18,52.59,56.23,-3.64,ok
BTC,P3 C>SMA200 & ext_ATR20 < -1,1,261,261,0.7021,0.2616,0.4405,1.85,1.16,58.24,52.46,5.78,ok
BTC,P3 C>SMA200 & ext_ATR20 < -1,3,261,261,1.3658,0.7749,0.5909,2.04,0.88,60.92,55.14,5.78,ok
BTC,P3 C>SMA200 & ext_ATR20 < -1,5,261,261,1.2244,1.2904,-0.0659,1.35,-0.07,57.47,54.84,2.63,ok
BTC,P3 C>SMA200 & ext_ATR20 < -1,10,261,261,2.2769,2.6533,-0.3764,1.45,-0.24,54.79,55.45,-0.66,ok
BTC,P3 C>SMA200 & ext_ATR20 < -1,20,261,261,4.0976,5.6943,-1.5967,1.85,-0.72,58.62,56.23,2.39,ok
BTC,P4 C>SMA200 & 3 baisses d'affilee,1,264,264,0.8113,0.2616,0.5497,2.6,1.76,56.82,52.46,4.36,ok
BTC,P4 C>SMA200 & 3 baisses d'affilee,3,264,264,1.9611,0.7749,1.1862,2.86,1.73,60.61,55.14,5.47,ok
BTC,P4 C>SMA200 & 3 baisses d'affilee,5,264,264,2.1798,1.2904,0.8895,2.4,0.98,56.44,54.84,1.6,ok
BTC,P4 C>SMA200 & 3 baisses d'affilee,10,262,262,3.1624,2.6533,0.5091,2.3,0.37,53.44,55.45,-2.02,ok
BTC,P4 C>SMA200 & 3 baisses d'affilee,20,262,262,4.3034,5.6943,-1.3909,1.92,-0.62,52.29,56.23,-3.94,ok
BTC,P5 C>SMA200 & z20 < -1.5,1,209,209,0.1455,0.2616,-0.1161,0.39,-0.31,55.98,52.46,3.52,ok
BTC,P5 C>SMA200 & z20 < -1.5,3,209,209,0.2641,0.7749,-0.5108,0.39,-0.76,57.42,55.14,2.28,ok
BTC,P5 C>SMA200 & z20 < -1.5,5,208,208,0.236,1.2904,-1.0543,0.23,-1.04,54.81,54.84,-0.03,ok
BTC,P5 C>SMA200 & z20 < -1.5,10,207,207,1.6559,2.6533,-0.9974,1.03,-0.62,53.14,55.45,-2.31,ok
BTC,P5 C>SMA200 & z20 < -1.5,20,207,207,1.9166,5.6943,-3.7777,0.84,-1.65,51.69,56.23,-4.54,ok
BTC,P6 C>SMA200 & pente+ & RSI2<10,1,238,238,0.5731,0.2616,0.3115,1.7,0.92,56.72,52.46,4.27,ok
BTC,P6 C>SMA200 & pente+ & RSI2<10,3,238,238,0.941,0.7749,0.1661,1.47,0.26,57.14,55.14,2.01,ok
BTC,P6 C>SMA200 & pente+ & RSI2<10,5,238,238,0.9903,1.2904,-0.3001,1.22,-0.37,54.2,54.84,-0.64,ok
BTC,P6 C>SMA200 & pente+ & RSI2<10,10,237,237,1.7217,2.6533,-0.9316,1.44,-0.78,55.27,55.45,-0.18,ok
BTC,P6 C>SMA200 & pente+ & RSI2<10,20,237,237,3.9542,5.6943,-1.7401,2.18,-0.96,56.54,56.23,0.31,ok
BTC,P7 C<SMA200 & RSI2>90,1,208,208,0.3907,0.2616,0.1291,1.67,0.55,49.52,52.46,-2.94,ok
BTC,P7 C<SMA200 & RSI2>90,3,208,208,1.0134,0.7749,0.2385,1.79,0.42,51.92,55.14,-3.21,ok
BTC,P7 C<SMA200 & RSI2>90,5,208,208,0.8889,1.2904,-0.4014,0.99,-0.45,47.12,54.84,-7.73,ok
BTC,P7 C<SMA200 & RSI2>90,10,208,208,1.6976,2.6533,-0.9557,1.26,-0.71,53.85,55.45,-1.61,ok
BTC,P7 C<SMA200 & RSI2>90,20,208,208,1.8639,5.6943,-3.8304,0.77,-1.58,50.0,56.23,-6.23,ok
BTC,P8 C<SMA200 & pente- & RSI2>90,1,157,157,0.4376,0.2616,0.176,1.61,0.65,48.41,52.46,-4.05,ok
BTC,P8 C<SMA200 & pente- & RSI2>90,3,157,157,0.7825,0.7749,0.0076,1.18,0.01,49.68,55.14,-5.46,ok
BTC,P8 C<SMA200 & pente- & RSI2>90,5,157,157,0.4088,1.2904,-0.8816,0.38,-0.83,43.31,54.84,-11.53,ok
BTC,P8 C<SMA200 & pente- & RSI2>90,10,157,157,0.996,2.6533,-1.6573,0.64,-1.06,49.04,55.45,-6.41,ok
BTC,P8 C<SMA200 & pente- & RSI2>90,20,157,157,0.889,5.6943,-4.8053,0.36,-1.95,48.41,56.23,-7.82,ok
BTC,V1 vol calme (rang<0.3),1,1790,1790,0.0556,0.2616,-0.206,0.87,-3.22,51.06,52.46,-1.39,ok
BTC,V1 vol calme (rang<0.3),3,1790,1790,0.213,0.7749,-0.562,1.26,-3.32,53.13,55.14,-2.01,ok
BTC,V1 vol calme (rang<0.3),5,1790,1790,0.4861,1.2904,-0.8043,1.65,-2.72,52.85,54.84,-1.99,ok
BTC,V1 vol calme (rang<0.3),10,1790,1790,1.35,2.6533,-1.3033,2.13,-2.06,52.74,55.45,-2.71,ok
BTC,V1 vol calme (rang<0.3),20,1790,1790,2.9868,5.6943,-2.7075,2.18,-1.98,52.35,56.23,-3.88,ok
BTC,V2 vol elevee (rang>0.8),1,998,998,0.614,0.2616,0.3524,3.35,1.92,53.91,52.46,1.45,ok
BTC,V2 vol elevee (rang>0.8),3,998,998,1.6916,0.7749,0.9167,3.82,2.07,58.52,55.14,3.38,ok
BTC,V2 vol elevee (rang>0.8),5,998,998,2.6251,1.2904,1.3348,3.64,1.85,58.72,54.84,3.88,ok
BTC,V2 vol elevee (rang>0.8),10,998,998,5.0452,2.6533,2.3919,3.49,1.66,58.12,55.45,2.66,ok
BTC,V2 vol elevee (rang>0.8),20,988,988,10.1853,5.6943,4.491,3.16,1.39,62.65,56.23,6.42,ok
BTC,V3 compression de range (<0.7),1,1284,1284,0.0506,0.2616,-0.211,0.55,-2.3,51.48,52.46,-0.98,ok
BTC,V3 compression de range (<0.7),3,1284,1284,0.1934,0.7749,-0.5815,0.87,-2.6,54.05,55.14,-1.09,ok
BTC,V3 compression de range (<0.7),5,1284,1284,0.6094,1.2904,-0.681,1.69,-1.89,54.83,54.84,-0.01,ok
BTC,V3 compression de range (<0.7),10,1284,1284,1.9194,2.6533,-0.7339,2.66,-1.02,56.15,55.45,0.7,ok
BTC,V3 compression de range (<0.7),20,1284,1284,4.4769,5.6943,-1.2174,2.95,-0.8,57.55,56.23,1.33,ok
BTC,X1 C>SMA200 & vol calme,1,1457,1457,0.1486,0.2616,-0.113,2.01,-1.53,51.75,52.46,-0.71,ok
BTC,X1 C>SMA200 & vol calme,3,1456,1456,0.4769,0.7749,-0.298,2.52,-1.58,53.3,55.14,-1.84,ok
BTC,X1 C>SMA200 & vol calme,5,1455,1455,0.8356,1.2904,-0.4548,2.51,-1.37,53.2,54.84,-1.65,ok
BTC,X1 C>SMA200 & vol calme,10,1451,1451,2.1434,2.6533,-0.51,3.02,-0.72,55.07,55.45,-0.39,ok
BTC,X1 C>SMA200 & vol calme,20,1451,1451,4.8365,5.6943,-0.8577,3.15,-0.56,55.55,56.23,-0.68,ok
BTC,X2 C>SMA200 & vol extreme,1,741,741,0.568,0.2616,0.3064,2.47,1.33,54.93,52.46,2.47,ok
BTC,X2 C>SMA200 & vol extreme,3,741,741,1.8653,0.7749,1.0904,3.3,1.93,58.7,55.14,3.57,ok
BTC,X2 C>SMA200 & vol extreme,5,741,741,2.9746,1.2904,1.6843,3.22,1.82,59.51,54.84,4.67,ok
BTC,X2 C>SMA200 & vol extreme,10,741,741,6.0322,2.6533,3.3789,3.21,1.8,59.51,55.45,4.06,ok
BTC,X2 C>SMA200 & vol extreme,20,731,731,12.9838,5.6943,7.2895,3.07,1.73,65.12,56.23,8.89,ok
BTC,X3 C>SMA200 & RSI2<10 & vol<0.8,1,187,187,0.135,0.2616,-0.1266,0.48,-0.45,55.61,52.46,3.16,ok
BTC,X3 C>SMA200 & RSI2<10 & vol<0.8,3,187,187,0.1462,0.7749,-0.6287,0.29,-1.26,55.61,55.14,0.48,ok
BTC,X3 C>SMA200 & RSI2<10 & vol<0.8,5,187,187,0.246,1.2904,-1.0444,0.32,-1.37,50.27,54.84,-4.57,ok
BTC,X3 C>SMA200 & RSI2<10 & vol<0.8,10,186,186,0.9292,2.6533,-1.7241,0.66,-1.23,52.69,55.45,-2.76,ok
BTC,X3 C>SMA200 & RSI2<10 & vol<0.8,20,186,186,2.2704,5.6943,-3.4239,0.9,-1.36,51.08,56.23,-5.15,ok
BTC,S1 cloture dans le haut de barre (>0.8),1,1257,1257,0.4246,0.2616,0.163,3.32,1.27,50.76,52.46,-1.7,ok
BTC,S1 cloture dans le haut de barre (>0.8),3,1257,1257,1.1147,0.7749,0.3398,4.2,1.28,55.13,55.14,-0.01,ok
BTC,S1 cloture dans le haut de barre (>0.8),5,1257,1257,1.8508,1.2904,0.5605,4.24,1.28,55.69,54.84,0.85,ok
BTC,S1 cloture dans le haut de barre (>0.8),10,1257,1257,3.8635,2.6533,1.2102,3.61,1.13,55.77,55.45,0.32,ok
BTC,S1 cloture dans le haut de barre (>0.8),20,1255,1255,8.8592,5.6943,3.1649,3.01,1.08,58.01,56.23,1.78,ok
BTC,S2 cloture dans le bas de barre (<0.2),1,642,642,0.4109,0.2616,0.1493,2.58,0.94,57.32,52.46,4.86,ok
BTC,S2 cloture dans le bas de barre (<0.2),3,642,642,0.4952,0.7749,-0.2797,1.98,-1.12,57.79,55.14,2.65,ok
BTC,S2 cloture dans le bas de barre (<0.2),5,641,641,0.9847,1.2904,-0.3056,2.59,-0.8,53.35,54.84,-1.49,ok
BTC,S2 cloture dans le bas de barre (<0.2),10,640,640,1.7526,2.6533,-0.9007,2.71,-1.39,56.09,55.45,0.64,ok
BTC,S2 cloture dans le bas de barre (<0.2),20,640,640,3.1606,5.6943,-2.5337,1.95,-1.56,52.66,56.23,-3.57,ok
BTC,C1 tour du mois (jour>=28 ou <=3),1,1136,1136,0.339,0.2616,0.0774,3.31,0.76,53.87,52.46,1.42,ok
BTC,C1 tour du mois (jour>=28 ou <=3),3,1136,1136,0.9805,0.7749,0.2056,3.69,0.77,56.87,55.14,1.73,ok
BTC,C1 tour du mois (jour>=28 ou <=3),5,1136,1136,1.7226,1.2904,0.4323,3.64,0.91,58.19,54.84,3.34,ok
BTC,C1 tour du mois (jour>=28 ou <=3),10,1136,1136,2.8423,2.6533,0.189,3.18,0.21,56.95,55.45,1.5,ok
BTC,C1 tour du mois (jour>=28 ou <=3),20,1131,1131,5.3286,5.6943,-0.3657,2.77,-0.19,56.06,56.23,-0.17,ok
BTC,C2 lundi,1,768,768,0.2813,0.2616,0.0197,2.03,0.14,51.69,52.46,-0.76,ok
BTC,C2 lundi,3,768,768,0.7393,0.7749,-0.0356,2.73,-0.13,54.43,55.14,-0.71,ok
BTC,C2 lundi,5,767,767,1.0666,1.2904,-0.2237,2.97,-0.62,54.76,54.84,-0.08,ok
BTC,C2 lundi,10,767,767,2.5771,2.6533,-0.0762,3.13,-0.09,55.02,55.45,-0.43,ok
BTC,C2 lundi,20,765,765,5.2092,5.6943,-0.4851,3.02,-0.28,55.56,56.23,-0.67,ok
