categorie,parametre,valeur,univers,horizon_j,n_obs,n_dates,mean_fwd_pct,mean_base_pct,mean_excess_pct,t_absolu,t_excess,hit_rate,hit_rate_base,edge_hit_pts,status
seuil_ext_long,ext_atr20,-0.5,US500,5,61431,1052,0.3344,0.2755,0.1061,3.07,2.2,56.97,54.74,2.23,ok
seuil_ext_long,ext_atr20,-0.5,US500,10,61188,1047,0.6167,0.5687,0.1406,3.27,1.69,58.3,56.07,2.23,ok
seuil_ext_long,ext_atr20,-0.5,US500,20,60938,1037,1.1843,1.1413,0.2197,3.34,1.53,60.23,58.25,1.98,ok
seuil_ext_long,ext_atr20,-0.5,SPX,5,1648,1648,0.3806,0.1496,0.231,4.18,2.54,60.13,55.83,4.3,ok
seuil_ext_long,ext_atr20,-0.5,SPX,10,1648,1648,0.6262,0.299,0.3271,4.12,2.15,63.41,57.95,5.46,ok
seuil_ext_long,ext_atr20,-0.5,SPX,20,1648,1648,1.2044,0.6024,0.6021,5.03,2.51,67.23,60.34,6.9,ok
seuil_ext_long,ext_atr20,-0.5,BTC,5,554,554,0.7248,1.2904,-0.5655,1.06,-0.83,53.43,54.84,-1.41,ok
seuil_ext_long,ext_atr20,-0.5,BTC,10,554,554,1.6016,2.6533,-1.0517,1.27,-0.84,53.61,55.45,-1.84,ok
seuil_ext_long,ext_atr20,-0.5,BTC,20,554,554,2.6002,5.6943,-3.0941,1.42,-1.7,55.6,56.23,-0.63,ok
seuil_ext_long,ext_atr20,-0.75,US500,5,45705,1043,0.3212,0.2755,0.094,2.89,1.81,57.25,54.74,2.51,ok
seuil_ext_long,ext_atr20,-0.75,US500,10,45537,1038,0.6169,0.5687,0.1474,3.22,1.61,58.78,56.07,2.71,ok
seuil_ext_long,ext_atr20,-0.75,US500,20,45356,1028,1.215,1.1413,0.2605,3.39,1.71,60.75,58.25,2.5,ok
seuil_ext_long,ext_atr20,-0.75,SPX,5,1260,1260,0.409,0.1496,0.2594,3.92,2.49,60.32,55.83,4.49,ok
seuil_ext_long,ext_atr20,-0.75,SPX,10,1260,1260,0.7148,0.299,0.4157,4.6,2.67,64.68,57.95,6.73,ok
seuil_ext_long,ext_atr20,-0.75,SPX,20,1260,1260,1.3289,0.6024,0.7266,5.08,2.78,68.49,60.34,8.16,ok
seuil_ext_long,ext_atr20,-0.75,BTC,5,380,380,0.9014,1.2904,-0.389,1.16,-0.5,53.42,54.84,-1.42,ok
seuil_ext_long,ext_atr20,-0.75,BTC,10,380,380,1.8851,2.6533,-0.7682,1.31,-0.53,52.63,55.45,-2.82,ok
seuil_ext_long,ext_atr20,-0.75,BTC,20,380,380,3.3353,5.6943,-2.359,1.72,-1.21,56.84,56.23,0.61,ok
seuil_ext_long,ext_atr20,-1.0,US500,5,32695,1025,0.2529,0.2755,0.041,2.22,0.72,57.38,54.74,2.64,ok
seuil_ext_long,ext_atr20,-1.0,US500,10,32586,1020,0.5374,0.5687,0.0927,2.71,0.89,59.28,56.07,3.21,ok
seuil_ext_long,ext_atr20,-1.0,US500,20,32451,1010,1.0935,1.1413,0.1899,2.97,1.05,61.13,58.25,2.88,ok
seuil_ext_long,ext_atr20,-1.0,SPX,5,896,896,0.4167,0.1496,0.2671,3.49,2.24,60.27,55.83,4.44,ok
seuil_ext_long,ext_atr20,-1.0,SPX,10,896,896,0.7653,0.299,0.4663,4.33,2.64,64.29,57.95,6.34,ok
seuil_ext_long,ext_atr20,-1.0,SPX,20,896,896,1.4108,0.6024,0.8084,4.56,2.61,69.75,60.34,9.42,ok
seuil_ext_long,ext_atr20,-1.0,BTC,5,261,261,1.2244,1.2904,-0.0659,1.35,-0.07,57.47,54.84,2.63,ok
seuil_ext_long,ext_atr20,-1.0,BTC,10,261,261,2.2769,2.6533,-0.3764,1.45,-0.24,54.79,55.45,-0.66,ok
seuil_ext_long,ext_atr20,-1.0,BTC,20,261,261,4.0976,5.6943,-1.5967,1.85,-0.72,58.62,56.23,2.39,ok
seuil_ext_long,ext_atr20,-1.25,US500,5,22973,998,0.249,0.2755,0.0271,2.08,0.41,57.72,54.74,2.98,ok
seuil_ext_long,ext_atr20,-1.25,US500,10,22894,993,0.4496,0.5687,-0.0038,2.17,-0.03,60.17,56.07,4.1,ok
seuil_ext_long,ext_atr20,-1.25,US500,20,22805,983,1.0653,1.1413,0.1896,2.78,0.96,61.66,58.25,3.41,ok
seuil_ext_long,ext_atr20,-1.25,SPX,5,611,611,0.4329,0.1496,0.2833,2.93,1.92,61.37,55.83,5.54,ok
seuil_ext_long,ext_atr20,-1.25,SPX,10,611,611,0.7546,0.299,0.4556,3.37,2.03,63.99,57.95,6.04,ok
seuil_ext_long,ext_atr20,-1.25,SPX,20,611,611,1.4185,0.6024,0.8161,3.67,2.11,70.87,60.34,10.53,ok
seuil_ext_long,ext_atr20,-1.25,BTC,5,164,164,1.1689,1.2904,-0.1214,1.04,-0.11,59.76,54.84,4.91,ok
seuil_ext_long,ext_atr20,-1.25,BTC,10,164,164,2.2074,2.6533,-0.4459,1.36,-0.28,53.66,55.45,-1.79,ok
seuil_ext_long,ext_atr20,-1.25,BTC,20,164,164,2.8802,5.6943,-2.8141,1.15,-1.12,56.71,56.23,0.48,ok
seuil_ext_long,ext_atr20,-1.5,US500,5,15570,953,0.2875,0.2755,0.0504,2.29,0.7,57.89,54.74,3.15,ok
seuil_ext_long,ext_atr20,-1.5,US500,10,15514,948,0.4924,0.5687,0.0259,2.3,0.21,61.18,56.07,5.11,ok
seuil_ext_long,ext_atr20,-1.5,US500,20,15447,938,1.0802,1.1413,0.1884,2.74,0.85,62.1,58.25,3.85,ok
seuil_ext_long,ext_atr20,-1.5,SPX,5,410,410,0.4631,0.1496,0.3135,2.6,1.76,61.71,55.83,5.88,ok
seuil_ext_long,ext_atr20,-1.5,SPX,10,410,410,0.7529,0.299,0.4539,2.91,1.75,63.66,57.95,5.71,ok
seuil_ext_long,ext_atr20,-1.5,SPX,20,410,410,1.5289,0.6024,0.9265,3.6,2.18,72.44,60.34,12.1,ok
seuil_ext_long,ext_atr20,-1.5,BTC,5,102,102,1.7932,1.2904,0.5028,1.11,0.31,59.8,54.84,4.96,ok
seuil_ext_long,ext_atr20,-1.5,BTC,10,102,102,2.9892,2.6533,0.3359,1.49,0.17,53.92,55.45,-1.53,ok
seuil_ext_long,ext_atr20,-1.5,BTC,20,102,102,3.6824,5.6943,-2.0119,1.45,-0.79,53.92,56.23,-2.31,ok
seuil_ext_long,ext_atr20,-2.0,US500,5,6306,808,0.1888,0.2755,-0.0551,1.35,-0.6,57.69,54.74,2.95,ok
seuil_ext_long,ext_atr20,-2.0,US500,10,6278,804,0.4574,0.5687,-0.0411,1.92,-0.26,61.48,56.07,5.41,ok
seuil_ext_long,ext_atr20,-2.0,US500,20,6247,795,1.0888,1.1413,0.1591,2.72,0.58,63.12,58.25,4.87,ok
seuil_ext_long,ext_atr20,-2.0,SPX,5,179,179,0.6729,0.1496,0.5233,2.19,1.71,64.8,55.83,8.97,ok
seuil_ext_long,ext_atr20,-2.0,SPX,10,179,179,0.7332,0.299,0.4341,1.81,1.07,65.92,57.95,7.97,ok
seuil_ext_long,ext_atr20,-2.0,SPX,20,179,179,1.9155,0.6024,1.3132,4.06,2.79,77.09,60.34,16.76,ok
seuil_ext_long,ext_atr20,-2.5,US500,5,2195,555,0.2464,0.2755,-0.0445,1.51,-0.39,58.54,54.74,3.8,ok
seuil_ext_long,ext_atr20,-2.5,US500,10,2185,552,0.4987,0.5687,-0.0527,1.84,-0.27,62.06,56.07,5.99,ok
seuil_ext_long,ext_atr20,-2.5,US500,20,2176,546,0.8927,1.1413,-0.1334,2.16,-0.38,64.2,58.25,5.95,ok
seuil_ext_short,ext_atr20,0.5,US500,5,36679,1052,0.0493,0.2755,-0.174,0.45,-2.64,53.19,54.74,-1.55,ok
seuil_ext_short,ext_atr20,0.5,US500,10,36602,1047,0.2011,0.5687,-0.2711,0.93,-2.05,55.1,56.07,-0.97,ok
seuil_ext_short,ext_atr20,0.5,US500,20,36323,1037,0.502,1.1413,-0.4627,1.23,-1.97,55.86,58.25,-2.39,ok
seuil_ext_short,ext_atr20,0.5,SPX,5,937,937,0.0251,0.1496,-0.1244,0.22,-1.09,54.32,55.83,-1.51,ok
seuil_ext_short,ext_atr20,0.5,SPX,10,937,937,0.101,0.299,-0.1981,0.47,-0.93,54.22,57.95,-3.73,ok
seuil_ext_short,ext_atr20,0.5,SPX,20,934,934,0.2706,0.6024,-0.3318,0.65,-0.8,57.39,60.34,-2.95,ok
seuil_ext_short,ext_atr20,0.5,BTC,5,417,417,0.3136,1.2904,-0.9768,0.5,-1.55,48.2,54.84,-6.64,ok
seuil_ext_short,ext_atr20,0.5,BTC,10,417,417,0.8833,2.6533,-1.77,0.78,-1.56,53.96,55.45,-1.5,ok
seuil_ext_short,ext_atr20,0.5,BTC,20,417,417,1.323,5.6943,-4.3713,0.57,-1.89,49.64,56.23,-6.59,ok
seuil_ext_short,ext_atr20,0.75,US500,5,27393,1045,0.0555,0.2755,-0.1635,0.49,-2.27,53.07,54.74,-1.67,ok
seuil_ext_short,ext_atr20,0.75,US500,10,27335,1040,0.1698,0.5687,-0.2973,0.78,-2.17,55.04,56.07,-1.03,ok
seuil_ext_short,ext_atr20,0.75,US500,20,27108,1030,0.411,1.1413,-0.5383,1.01,-2.24,55.45,58.25,-2.8,ok
seuil_ext_short,ext_atr20,0.75,SPX,5,710,710,0.0279,0.1496,-0.1216,0.23,-1.02,53.8,55.83,-2.03,ok
seuil_ext_short,ext_atr20,0.75,SPX,10,710,710,0.1659,0.299,-0.1331,0.72,-0.58,55.35,57.95,-2.6,ok
seuil_ext_short,ext_atr20,0.75,SPX,20,709,709,0.3809,0.6024,-0.2215,0.89,-0.52,59.1,60.34,-1.24,ok
seuil_ext_short,ext_atr20,0.75,BTC,5,319,319,0.5556,1.2904,-0.7348,0.75,-0.99,50.16,54.84,-4.68,ok
seuil_ext_short,ext_atr20,0.75,BTC,10,319,319,0.9259,2.6533,-1.7274,0.69,-1.29,53.92,55.45,-1.53,ok
seuil_ext_short,ext_atr20,0.75,BTC,20,319,319,0.6592,5.6943,-5.0351,0.25,-1.88,46.39,56.23,-9.83,ok
seuil_ext_short,ext_atr20,1.0,US500,5,19698,1034,0.0269,0.2755,-0.1915,0.23,-2.4,52.47,54.74,-2.27,ok
seuil_ext_short,ext_atr20,1.0,US500,10,19665,1029,0.1358,0.5687,-0.3199,0.59,-2.12,54.68,56.07,-1.39,ok
seuil_ext_short,ext_atr20,1.0,US500,20,19489,1019,0.3478,1.1413,-0.5805,0.84,-2.4,54.81,58.25,-3.44,ok
seuil_ext_short,ext_atr20,1.0,SPX,5,494,494,0.0072,0.1496,-0.1424,0.05,-0.99,54.05,55.83,-1.78,ok
seuil_ext_short,ext_atr20,1.0,SPX,10,494,494,0.2393,0.299,-0.0597,0.92,-0.23,56.68,57.95,-1.27,ok
seuil_ext_short,ext_atr20,1.0,SPX,20,494,494,0.382,0.6024,-0.2204,0.86,-0.49,58.3,60.34,-2.04,ok
seuil_ext_short,ext_atr20,1.0,BTC,5,243,243,0.5582,1.2904,-0.7322,0.64,-0.83,47.33,54.84,-7.52,ok
seuil_ext_short,ext_atr20,1.0,BTC,10,243,243,1.0016,2.6533,-1.6517,0.67,-1.11,55.56,55.45,0.1,ok
seuil_ext_short,ext_atr20,1.0,BTC,20,243,243,0.4163,5.6943,-5.278,0.15,-1.9,44.44,56.23,-11.78,ok
seuil_ext_short,ext_atr20,1.25,US500,5,13598,1004,0.0997,0.2755,-0.1097,0.79,-1.21,52.46,54.74,-2.28,ok
seuil_ext_short,ext_atr20,1.25,US500,10,13571,999,0.1654,0.5687,-0.2804,0.71,-1.81,54.64,56.07,-1.43,ok
seuil_ext_short,ext_atr20,1.25,US500,20,13435,989,0.3034,1.1413,-0.595,0.69,-2.19,54.6,58.25,-3.64,ok
seuil_ext_short,ext_atr20,1.25,SPX,5,325,325,-0.0423,0.1496,-0.1919,-0.24,-1.08,51.69,55.83,-4.14,ok
seuil_ext_short,ext_atr20,1.25,SPX,10,325,325,0.3085,0.299,0.0095,1.07,0.03,56.62,57.95,-1.33,ok
seuil_ext_short,ext_atr20,1.25,SPX,20,325,325,0.4491,0.6024,-0.1533,0.93,-0.32,58.15,60.34,-2.18,ok
seuil_ext_short,ext_atr20,1.25,BTC,5,164,164,0.8116,1.2904,-0.4787,0.76,-0.45,46.95,54.84,-7.89,ok
seuil_ext_short,ext_atr20,1.25,BTC,10,164,164,1.2837,2.6533,-1.3696,0.69,-0.74,56.1,55.45,0.65,ok
seuil_ext_short,ext_atr20,1.25,BTC,20,164,164,-0.2505,5.6943,-5.9448,-0.08,-1.84,43.29,56.23,-12.94,ok
seuil_ext_short,ext_atr20,1.5,US500,5,8970,931,0.0666,0.2755,-0.1125,0.5,-1.16,52.35,54.74,-2.39,ok
seuil_ext_short,ext_atr20,1.5,US500,10,8952,926,0.0609,0.5687,-0.3438,0.25,-2.1,54.2,56.07,-1.87,ok
seuil_ext_short,ext_atr20,1.5,US500,20,8861,916,0.1033,1.1413,-0.7563,0.25,-3.11,54.01,58.25,-4.23,ok
seuil_ext_short,ext_atr20,1.5,SPX,5,180,180,-0.0012,0.1496,-0.1508,-0.01,-0.64,53.89,55.83,-1.94,ok
seuil_ext_short,ext_atr20,1.5,SPX,10,180,180,0.556,0.299,0.2569,1.54,0.71,58.33,57.95,0.38,ok
seuil_ext_short,ext_atr20,1.5,SPX,20,180,180,0.8551,0.6024,0.2527,1.35,0.4,59.44,60.34,-0.89,ok
seuil_ext_short,ext_atr20,1.5,BTC,5,114,114,0.3948,1.2904,-0.8955,0.36,-0.82,43.86,54.84,-10.98,ok
seuil_ext_short,ext_atr20,1.5,BTC,10,114,114,0.6528,2.6533,-2.0005,0.31,-0.96,54.39,55.45,-1.07,ok
seuil_ext_short,ext_atr20,1.5,BTC,20,114,114,-2.1464,5.6943,-7.8407,-0.69,-2.51,40.35,56.23,-15.88,ok
seuil_ext_short,ext_atr20,2.0,US500,5,3415,722,0.0226,0.2755,-0.1849,0.15,-1.55,51.63,54.74,-3.12,ok
seuil_ext_short,ext_atr20,2.0,US500,10,3410,718,-0.0485,0.5687,-0.4399,-0.17,-2.12,52.49,56.07,-3.58,ok
seuil_ext_short,ext_atr20,2.0,US500,20,3370,708,-0.3461,1.1413,-1.1998,-0.71,-3.5,52.76,58.25,-5.49,ok
seuil_ext_short,ext_atr20,2.5,US500,5,1098,419,-0.1208,0.2755,-0.3183,-0.53,-1.65,48.82,54.74,-5.92,ok
seuil_ext_short,ext_atr20,2.5,US500,10,1096,417,-0.0547,0.5687,-0.4221,-0.15,-1.41,49.09,56.07,-6.98,ok
seuil_ext_short,ext_atr20,2.5,US500,20,1077,407,-0.4329,1.1413,-1.3014,-0.61,-2.44,50.7,58.25,-7.55,ok
longueur_tendance_long,n_sma,100,US500,5,18328,1068,0.3029,0.2755,0.0652,2.6,1.02,56.87,54.74,2.13,ok
longueur_tendance_long,n_sma,100,US500,20,18143,1053,0.9994,1.1413,0.0934,2.77,0.52,61.5,58.25,3.25,ok
longueur_tendance_short,n_sma,100,US500,5,12729,1080,0.0098,0.2755,-0.1987,0.08,-2.2,52.88,54.74,-1.86,ok
longueur_tendance_short,n_sma,100,US500,20,12647,1065,0.3848,1.1413,-0.5946,0.98,-2.29,56.99,58.25,-1.26,ok
longueur_tendance_long,n_sma,100,SPX,5,462,462,0.6469,0.1496,0.4973,5.25,4.03,65.37,55.83,9.54,ok
longueur_tendance_long,n_sma,100,SPX,20,462,462,1.307,0.6024,0.7047,4.06,2.19,67.1,60.34,6.76,ok
longueur_tendance_short,n_sma,100,SPX,5,300,300,-0.0447,0.1496,-0.1943,-0.3,-1.3,56.67,55.83,0.84,ok
longueur_tendance_short,n_sma,100,SPX,20,299,299,0.412,0.6024,-0.1904,0.95,-0.44,62.88,60.34,2.54,ok
longueur_tendance_long,n_sma,100,BTC,5,140,140,2.6175,1.2904,1.3272,2.42,1.23,60.71,54.84,5.87,ok
longueur_tendance_long,n_sma,100,BTC,20,140,140,5.765,5.6943,0.0707,1.83,0.02,55.0,56.23,-1.23,ok
longueur_tendance_short,n_sma,100,BTC,5,152,152,0.1342,1.2904,-1.1562,0.13,-1.12,46.05,54.84,-8.79,ok
longueur_tendance_short,n_sma,100,BTC,20,152,152,1.0611,5.6943,-4.6332,0.42,-1.85,42.76,56.23,-13.46,ok
longueur_tendance_long,n_sma,150,US500,5,27049,1062,0.2977,0.2755,0.0595,2.62,1.03,57.38,54.74,2.64,ok
longueur_tendance_long,n_sma,150,US500,20,26814,1047,1.1612,1.1413,0.1961,3.17,1.06,62.0,58.25,3.76,ok
longueur_tendance_short,n_sma,150,US500,5,17568,1078,0.0154,0.2755,-0.2059,0.13,-2.51,52.23,54.74,-2.51,ok
longueur_tendance_short,n_sma,150,US500,20,17424,1063,0.2846,1.1413,-0.7372,0.71,-3.0,54.67,58.25,-3.57,ok
longueur_tendance_long,n_sma,150,SPX,5,709,709,0.5091,0.1496,0.3595,4.08,2.88,62.48,55.83,6.65,ok
longueur_tendance_long,n_sma,150,SPX,20,709,709,1.4818,0.6024,0.8794,4.6,2.73,69.68,60.34,9.34,ok
longueur_tendance_short,n_sma,150,SPX,5,423,423,0.0376,0.1496,-0.112,0.3,-0.88,54.85,55.83,-0.98,ok
longueur_tendance_short,n_sma,150,SPX,20,423,423,0.3123,0.6024,-0.2901,0.79,-0.73,57.45,60.34,-2.89,ok
longueur_tendance_long,n_sma,150,BTC,5,224,224,1.8909,1.2904,0.6005,2.26,0.72,59.82,54.84,4.98,ok
longueur_tendance_long,n_sma,150,BTC,20,224,224,4.4066,5.6943,-1.2877,1.77,-0.52,58.48,56.23,2.25,ok
longueur_tendance_short,n_sma,150,BTC,5,209,209,1.0976,1.2904,-0.1928,1.29,-0.23,51.67,54.84,-3.17,ok
longueur_tendance_short,n_sma,150,BTC,20,209,209,1.4347,5.6943,-4.2596,0.55,-1.63,47.37,56.23,-8.86,ok
longueur_tendance_long,n_sma,200,US500,5,32695,1025,0.2529,0.2755,0.041,2.22,0.72,57.38,54.74,2.64,ok
longueur_tendance_long,n_sma,200,US500,20,32451,1010,1.0935,1.1413,0.1899,2.97,1.05,61.13,58.25,2.88,ok
longueur_tendance_short,n_sma,200,US500,5,19698,1034,0.0269,0.2755,-0.1915,0.23,-2.4,52.47,54.74,-2.27,ok
longueur_tendance_short,n_sma,200,US500,20,19489,1019,0.3478,1.1413,-0.5805,0.84,-2.4,54.81,58.25,-3.44,ok
longueur_tendance_long,n_sma,200,SPX,5,896,896,0.4167,0.1496,0.2671,3.49,2.24,60.27,55.83,4.44,ok
longueur_tendance_long,n_sma,200,SPX,20,896,896,1.4108,0.6024,0.8084,4.56,2.61,69.75,60.34,9.42,ok
longueur_tendance_short,n_sma,200,SPX,5,494,494,0.0072,0.1496,-0.1424,0.05,-0.99,54.05,55.83,-1.78,ok
longueur_tendance_short,n_sma,200,SPX,20,494,494,0.382,0.6024,-0.2204,0.86,-0.49,58.3,60.34,-2.04,ok
longueur_tendance_long,n_sma,200,BTC,5,261,261,1.2244,1.2904,-0.0659,1.35,-0.07,57.47,54.84,2.63,ok
longueur_tendance_long,n_sma,200,BTC,20,261,261,4.0976,5.6943,-1.5967,1.85,-0.72,58.62,56.23,2.39,ok
longueur_tendance_short,n_sma,200,BTC,5,243,243,0.5582,1.2904,-0.7322,0.64,-0.83,47.33,54.84,-7.52,ok
longueur_tendance_short,n_sma,200,BTC,20,243,243,0.4163,5.6943,-5.278,0.15,-1.9,44.44,56.23,-11.78,ok
longueur_tendance_long,n_sma,250,US500,5,34353,977,0.2911,0.2755,0.0724,2.44,1.2,58.05,54.74,3.31,ok
longueur_tendance_long,n_sma,250,US500,20,34086,962,1.1365,1.1413,0.2731,2.94,1.52,60.35,58.25,2.1,ok
longueur_tendance_short,n_sma,250,US500,5,20490,985,0.011,0.2755,-0.2188,0.09,-2.67,52.67,54.74,-2.07,ok
longueur_tendance_short,n_sma,250,US500,20,20226,970,0.3052,1.1413,-0.5939,0.68,-2.14,54.84,58.25,-3.41,ok
longueur_tendance_long,n_sma,250,SPX,5,1040,1040,0.3925,0.1496,0.2429,3.19,1.98,60.48,55.83,4.65,ok
longueur_tendance_long,n_sma,250,SPX,20,1040,1040,1.5413,0.6024,0.939,5.37,3.27,70.1,60.34,9.76,ok
longueur_tendance_short,n_sma,250,SPX,5,521,521,0.0398,0.1496,-0.1098,0.28,-0.77,54.7,55.83,-1.13,ok
longueur_tendance_short,n_sma,250,SPX,20,521,521,0.2616,0.6024,-0.3408,0.57,-0.74,56.05,60.34,-4.29,ok
longueur_tendance_long,n_sma,250,BTC,5,320,320,1.572,1.2904,0.2816,2.01,0.36,60.0,54.84,5.16,ok
longueur_tendance_long,n_sma,250,BTC,20,320,320,4.6423,5.6943,-1.052,2.51,-0.57,58.44,56.23,2.21,ok
longueur_tendance_short,n_sma,250,BTC,5,218,218,1.0901,1.2904,-0.2003,1.14,-0.21,50.92,54.84,-3.92,ok
longueur_tendance_short,n_sma,250,BTC,20,218,218,1.9423,5.6943,-3.752,0.71,-1.37,50.92,56.23,-5.31,ok
filtre_pente,variante,long_sans_pente,US500,5,32695,1025,0.2529,0.2755,0.041,2.22,0.72,57.38,54.74,2.64,ok
filtre_pente,variante,long_sans_pente,US500,10,32586,1020,0.5374,0.5687,0.0927,2.71,0.89,59.28,56.07,3.21,ok
filtre_pente,variante,long_sans_pente,US500,20,32451,1010,1.0935,1.1413,0.1899,2.97,1.05,61.13,58.25,2.88,ok
filtre_pente,variante,long_avec_pente,US500,5,30668,1001,0.2436,0.2755,0.0362,2.1,0.61,57.21,54.74,2.47,ok
filtre_pente,variante,long_avec_pente,US500,10,30563,996,0.5261,0.5687,0.0953,2.62,0.89,59.12,56.07,3.05,ok
filtre_pente,variante,long_avec_pente,US500,20,30433,986,1.0666,1.1413,0.208,2.85,1.08,60.96,58.25,2.72,ok
filtre_pente,variante,short_sans_pente,US500,5,19698,1034,0.0269,0.2755,-0.1915,0.23,-2.4,52.47,54.74,-2.27,ok
filtre_pente,variante,short_sans_pente,US500,10,19665,1029,0.1358,0.5687,-0.3199,0.59,-2.12,54.68,56.07,-1.39,ok
filtre_pente,variante,short_sans_pente,US500,20,19489,1019,0.3478,1.1413,-0.5805,0.84,-2.4,54.81,58.25,-3.44,ok
filtre_pente,variante,short_avec_pente,US500,5,17305,1007,0.0195,0.2755,-0.185,0.16,-2.16,52.55,54.74,-2.19,ok
filtre_pente,variante,short_avec_pente,US500,10,17273,1002,0.123,0.5687,-0.309,0.51,-1.9,54.58,56.07,-1.49,ok
filtre_pente,variante,short_avec_pente,US500,20,17113,992,0.2079,1.1413,-0.662,0.45,-2.24,55.16,58.25,-3.08,ok
filtre_pente,variante,long_sans_pente,SPX,5,896,896,0.4167,0.1496,0.2671,3.49,2.24,60.27,55.83,4.44,ok
filtre_pente,variante,long_sans_pente,SPX,10,896,896,0.7653,0.299,0.4663,4.33,2.64,64.29,57.95,6.34,ok
filtre_pente,variante,long_sans_pente,SPX,20,896,896,1.4108,0.6024,0.8084,4.56,2.61,69.75,60.34,9.42,ok
filtre_pente,variante,long_avec_pente,SPX,5,877,877,0.399,0.1496,0.2494,3.25,2.03,60.32,55.83,4.49,ok
filtre_pente,variante,long_avec_pente,SPX,10,877,877,0.7395,0.299,0.4405,4.06,2.42,64.2,57.95,6.25,ok
filtre_pente,variante,long_avec_pente,SPX,20,877,877,1.3788,0.6024,0.7764,4.48,2.53,69.67,60.34,9.33,ok
filtre_pente,variante,short_sans_pente,SPX,5,494,494,0.0072,0.1496,-0.1424,0.05,-0.99,54.05,55.83,-1.78,ok
filtre_pente,variante,short_sans_pente,SPX,10,494,494,0.2393,0.299,-0.0597,0.92,-0.23,56.68,57.95,-1.27,ok
filtre_pente,variante,short_sans_pente,SPX,20,494,494,0.382,0.6024,-0.2204,0.86,-0.49,58.3,60.34,-2.04,ok
filtre_pente,variante,short_avec_pente,SPX,5,449,449,-0.064,0.1496,-0.2136,-0.42,-1.4,51.89,55.83,-3.94,ok
filtre_pente,variante,short_avec_pente,SPX,10,449,449,0.0848,0.299,-0.2143,0.31,-0.79,53.67,57.95,-4.28,ok
filtre_pente,variante,short_avec_pente,SPX,20,449,449,0.2225,0.6024,-0.3799,0.47,-0.8,57.68,60.34,-2.65,ok
filtre_pente,variante,long_sans_pente,BTC,5,261,261,1.2244,1.2904,-0.0659,1.35,-0.07,57.47,54.84,2.63,ok
filtre_pente,variante,long_sans_pente,BTC,10,261,261,2.2769,2.6533,-0.3764,1.45,-0.24,54.79,55.45,-0.66,ok
filtre_pente,variante,long_sans_pente,BTC,20,261,261,4.0976,5.6943,-1.5967,1.85,-0.72,58.62,56.23,2.39,ok
filtre_pente,variante,long_avec_pente,BTC,5,253,253,1.1308,1.2904,-0.1595,1.26,-0.18,58.1,54.84,3.26,ok
filtre_pente,variante,long_avec_pente,BTC,10,253,253,2.1692,2.6533,-0.4841,1.49,-0.33,54.55,55.45,-0.91,ok
filtre_pente,variante,long_avec_pente,BTC,20,253,253,3.9164,5.6943,-1.7779,1.77,-0.81,58.5,56.23,2.27,ok
filtre_pente,variante,short_sans_pente,BTC,5,243,243,0.5582,1.2904,-0.7322,0.64,-0.83,47.33,54.84,-7.52,ok
filtre_pente,variante,short_sans_pente,BTC,10,243,243,1.0016,2.6533,-1.6517,0.67,-1.11,55.56,55.45,0.1,ok
filtre_pente,variante,short_sans_pente,BTC,20,243,243,0.4163,5.6943,-5.278,0.15,-1.9,44.44,56.23,-11.78,ok
filtre_pente,variante,short_avec_pente,BTC,5,172,172,-0.2911,1.2904,-1.5815,-0.29,-1.55,41.86,54.84,-12.98,ok
filtre_pente,variante,short_avec_pente,BTC,10,172,172,-0.0115,2.6533,-2.6648,-0.01,-1.6,52.33,55.45,-3.13,ok
filtre_pente,variante,short_avec_pente,BTC,20,172,172,-0.766,5.6943,-6.4603,-0.27,-2.28,40.7,56.23,-15.53,ok
confirmation,variante,long_brut,US500,5,32695,1025,0.2529,0.2755,0.041,2.22,0.72,57.38,54.74,2.64,ok
confirmation,variante,long_brut,US500,10,32586,1020,0.5374,0.5687,0.0927,2.71,0.89,59.28,56.07,3.21,ok
confirmation,variante,long_brut,US500,20,32451,1010,1.0935,1.1413,0.1899,2.97,1.05,61.13,58.25,2.88,ok
confirmation,variante,long_confirme_close>hautprec,US500,5,1855,531,0.2907,0.2755,0.0455,1.72,0.39,57.47,54.74,2.73,ok
confirmation,variante,long_confirme_close>hautprec,US500,10,1852,530,0.5729,0.5687,0.1027,2.11,0.54,58.75,56.07,2.68,ok
confirmation,variante,long_confirme_close>hautprec,US500,20,1841,525,1.2501,1.1413,0.2592,2.81,0.93,59.7,58.25,1.45,ok
confirmation,variante,long_confirme_close_haut_barre,US500,5,9958,914,0.2014,0.2755,-0.0413,1.78,-0.61,57.31,54.74,2.57,ok
confirmation,variante,long_confirme_close_haut_barre,US500,10,9938,909,0.3486,0.5687,-0.097,1.77,-0.95,58.81,56.07,2.74,ok
confirmation,variante,long_confirme_close_haut_barre,US500,20,9893,899,0.9024,1.1413,0.003,2.55,0.02,61.28,58.25,3.03,ok
confirmation,variante,long_confirme_jour_hausse,US500,5,8678,890,0.1746,0.2755,-0.0696,1.42,-0.86,57.12,54.74,2.38,ok
confirmation,variante,long_confirme_jour_hausse,US500,10,8657,885,0.461,0.5687,-0.0107,2.25,-0.09,58.6,56.07,2.53,ok
confirmation,variante,long_confirme_jour_hausse,US500,20,8622,875,1.1499,1.1413,0.1844,3.11,0.93,60.51,58.25,2.26,ok
confirmation,variante,short_brut,US500,5,19698,1034,0.0269,0.2755,-0.1915,0.23,-2.4,52.47,54.74,-2.27,ok
confirmation,variante,short_brut,US500,10,19665,1029,0.1358,0.5687,-0.3199,0.59,-2.12,54.68,56.07,-1.39,ok
confirmation,variante,short_brut,US500,20,19489,1019,0.3478,1.1413,-0.5805,0.84,-2.4,54.81,58.25,-3.44,ok
confirmation,variante,short_confirme_close<basprec,US500,5,1055,421,-0.2608,0.2755,-0.4208,-1.45,-3.28,54.6,54.74,-0.14,ok
confirmation,variante,short_confirme_close<basprec,US500,10,1053,419,-0.2117,0.5687,-0.6361,-0.7,-3.03,55.08,56.07,-0.99,ok
confirmation,variante,short_confirme_close<basprec,US500,20,1044,414,0.0947,1.1413,-0.7628,0.17,-2.25,55.94,58.25,-2.31,ok
confirmation,variante,short_confirme_jour_baisse,US500,5,5068,817,-0.0944,0.2755,-0.269,-0.69,-2.78,53.16,54.74,-1.58,ok
confirmation,variante,short_confirme_jour_baisse,US500,10,5059,813,-0.1177,0.5687,-0.5007,-0.49,-3.09,53.01,56.07,-3.06,ok
confirmation,variante,short_confirme_jour_baisse,US500,20,5016,803,0.0808,1.1413,-0.7383,0.2,-3.02,54.05,58.25,-4.2,ok
confirmation,variante,long_brut,SPX,5,896,896,0.4167,0.1496,0.2671,3.49,2.24,60.27,55.83,4.44,ok
confirmation,variante,long_brut,SPX,10,896,896,0.7653,0.299,0.4663,4.33,2.64,64.29,57.95,6.34,ok
confirmation,variante,long_brut,SPX,20,896,896,1.4108,0.6024,0.8084,4.56,2.61,69.75,60.34,9.42,ok
confirmation,variante,long_confirme_close_haut_barre,SPX,5,275,275,0.3319,0.1496,0.1823,2.0,1.1,58.55,55.83,2.71,ok
confirmation,variante,long_confirme_close_haut_barre,SPX,10,275,275,0.6322,0.299,0.3331,3.15,1.66,62.91,57.95,4.96,ok
confirmation,variante,long_confirme_close_haut_barre,SPX,20,275,275,1.3963,0.6024,0.7939,4.27,2.43,69.09,60.34,8.75,ok
confirmation,variante,long_confirme_jour_hausse,SPX,5,240,240,0.4035,0.1496,0.2539,2.71,1.7,56.67,55.83,0.84,ok
confirmation,variante,long_confirme_jour_hausse,SPX,10,240,240,0.9497,0.299,0.6506,4.74,3.25,67.5,57.95,9.55,ok
confirmation,variante,long_confirme_jour_hausse,SPX,20,240,240,1.8223,0.6024,1.2199,6.8,4.55,72.5,60.34,12.16,ok
confirmation,variante,short_brut,SPX,5,494,494,0.0072,0.1496,-0.1424,0.05,-0.99,54.05,55.83,-1.78,ok
confirmation,variante,short_brut,SPX,10,494,494,0.2393,0.299,-0.0597,0.92,-0.23,56.68,57.95,-1.27,ok
confirmation,variante,short_brut,SPX,20,494,494,0.382,0.6024,-0.2204,0.86,-0.49,58.3,60.34,-2.04,ok
confirmation,variante,short_confirme_jour_baisse,SPX,5,127,127,0.1987,0.1496,0.0491,1.05,0.26,55.12,55.83,-0.71,ok
confirmation,variante,short_confirme_jour_baisse,SPX,10,127,127,0.3921,0.299,0.093,1.1,0.26,57.48,57.95,-0.47,ok
confirmation,variante,short_confirme_jour_baisse,SPX,20,127,127,0.4017,0.6024,-0.2006,0.71,-0.35,58.27,60.34,-2.07,ok
confirmation,variante,long_brut,BTC,5,261,261,1.2244,1.2904,-0.0659,1.35,-0.07,57.47,54.84,2.63,ok
confirmation,variante,long_brut,BTC,10,261,261,2.2769,2.6533,-0.3764,1.45,-0.24,54.79,55.45,-0.66,ok
confirmation,variante,long_brut,BTC,20,261,261,4.0976,5.6943,-1.5967,1.85,-0.72,58.62,56.23,2.39,ok
confirmation,variante,long_confirme_close_haut_barre,BTC,5,95,95,1.9578,1.2904,0.6674,1.39,0.47,60.0,54.84,5.16,ok
confirmation,variante,long_confirme_close_haut_barre,BTC,10,95,95,2.7762,2.6533,0.1229,1.7,0.08,55.79,55.45,0.34,ok
confirmation,variante,long_confirme_close_haut_barre,BTC,20,95,95,2.7071,5.6943,-2.9871,1.43,-1.58,57.89,56.23,1.67,ok
confirmation,variante,long_confirme_jour_hausse,BTC,5,72,72,0.2747,1.2904,-1.0156,0.22,-0.82,56.94,54.84,2.1,ok
confirmation,variante,long_confirme_jour_hausse,BTC,10,72,72,0.7074,2.6533,-1.9459,0.49,-1.36,50.0,55.45,-5.45,ok
confirmation,variante,long_confirme_jour_hausse,BTC,20,72,72,1.9395,5.6943,-3.7548,1.03,-2.0,61.11,56.23,4.88,ok
confirmation,variante,short_brut,BTC,5,243,243,0.5582,1.2904,-0.7322,0.64,-0.83,47.33,54.84,-7.52,ok
confirmation,variante,short_brut,BTC,10,243,243,1.0016,2.6533,-1.6517,0.67,-1.11,55.56,55.45,0.1,ok
confirmation,variante,short_brut,BTC,20,243,243,0.4163,5.6943,-5.278,0.15,-1.9,44.44,56.23,-11.78,ok
confirmation,variante,short_confirme_jour_baisse,BTC,5,67,67,-0.2604,1.2904,-1.5508,-0.22,-1.32,46.27,54.84,-8.57,ok
confirmation,variante,short_confirme_jour_baisse,BTC,10,67,67,-0.6616,2.6533,-3.3149,-0.38,-1.88,50.75,55.45,-4.71,ok
confirmation,variante,short_confirme_jour_baisse,BTC,20,67,67,-1.6314,5.6943,-7.3257,-0.54,-2.42,41.79,56.23,-14.44,ok
