symbol,side,date_signal,date_entree,date_sortie,bars,entree,stop_initial,sortie,R,ret_pct,motif,atr_pct_entree,segment,config
SPX,short,1975-01-02,1975-01-03,1975-01-17,10,70.23,75.88745865037937,70.96,-0.15398963630808885,-0.012417229988068233,temps,0.02685205111955655,1975-1979,temps_10_barres|stop3.0|conf0
SPX,short,1975-01-24,1975-01-27,1975-02-06,8,73.76,79.60818280726394,79.60818280726394,-1.0262249296681971,-0.0814473772860604,stop,0.026428881088502998,1975-1979,temps_10_barres|stop3.0|conf0
SPX,long,1975-04-07,1975-04-08,1975-04-22,10,80.35,74.45731266399142,87.09,1.115375655490309,0.08171741140005,temps,0.02444591303052718,1975-1979,temps_10_barres|stop3.0|conf0
SPX,long,1975-07-22,1975-07-23,1975-08-05,9,91.45,85.9804036462818,85.9804036462818,-1.032439396286648,-0.06168819433562033,stop,0.0199365640740594,1975-1979,temps_10_barres|stop3.0|conf0
SPX,long,1975-08-06,1975-08-07,1975-08-21,10,86.25,80.77528573098044,83.07,-0.6117798729612643,-0.03879390175042356,temps,0.021158316015534504,1975-1979,temps_10_barres|stop3.0|conf0
SPX,long,1975-08-22,1975-08-25,1975-09-09,10,84.28,79.01791021352813,84.6,0.0287186281747824,0.0017912794372216053,temps,0.020811935557949208,1975-1979,temps_10_barres|stop3.0|conf0
SPX,long,1975-09-10,1975-09-11,1975-09-25,10,83.79,78.55674748832803,85.64,0.3211329849365659,0.02003689114322845,temps,0.020818922352197882,1975-1979,temps_10_barres|stop3.0|conf0
SPX,long,1976-05-24,1976-05-25,1976-06-09,10,99.44,94.66280661080414,98.74,-0.1880141595337815,-0.009023357977501145,temps,0.016013654428787386,1975-1979,temps_10_barres|stop3.0|conf0
SPX,long,1976-08-20,1976-08-23,1976-09-07,10,102.37,98.22323317941171,105.03,0.5914487373206233,0.023934256619613695,temps,0.013502545734714908,1975-1979,temps_10_barres|stop3.0|conf0
SPX,long,1976-10-05,1976-10-06,1976-10-20,10,103.23,98.60707955109757,101.74,-0.36664485550522824,-0.016402951886822836,temps,0.014927574183546241,1975-1979,temps_10_barres|stop3.0|conf0
SPX,short,1977-06-14,1977-06-15,1977-06-29,10,99.86,103.83028336076943,100.11,-0.11333447996336224,-0.0045105189307071275,temps,0.01325283183379874,1975-1979,temps_10_barres|stop3.0|conf0
SPX,short,1977-11-10,1977-11-11,1977-11-28,10,95.1,99.26686262680855,96.04,-0.27146083307919255,-0.011906122736827281,temps,0.014605196729087111,1975-1979,temps_10_barres|stop3.0|conf0
SPX,short,1978-03-17,1978-03-20,1978-04-04,10,90.2,93.85011708320692,88.86,0.31805555096880106,0.01288361532263983,temps,0.013488976656344853,1975-1979,temps_10_barres|stop3.0|conf0
SPX,short,1978-04-13,1978-04-14,1978-04-17,1,91.4,94.91382572790984,94.91382572790984,-1.053023069484644,-0.04052345073342188,stop,0.012814827599962917,1975-1979,temps_10_barres|stop3.0|conf0
SPX,short,1978-04-18,1978-04-19,1978-04-25,4,93.43,97.6612700890007,97.6612700890007,-1.0451616810247442,-0.047380800034645336,stop,0.015096043701169112,1975-1979,temps_10_barres|stop3.0|conf0
SPX,long,1978-06-20,1978-06-21,1978-07-06,10,96.51,91.74236029797285,94.32,-0.4993728865433555,-0.024644612459346717,temps,0.016466824515687997,1975-1979,temps_10_barres|stop3.0|conf0
SPX,long,1978-09-19,1978-09-20,1978-10-04,10,102.53,97.41500449854416,103.06,0.06342332068672993,0.003160888657816528,temps,0.01662926461021437,1975-1979,temps_10_barres|stop3.0|conf0
SPX,long,1978-10-17,1978-10-18,1978-10-26,6,101.26,96.21394949600746,96.21394949600746,-1.0391343585126112,-0.051731050437697136,stop,0.01661087136741244,1975-1979,temps_10_barres|stop3.0|conf0
SPX,long,1979-10-09,1979-10-10,1979-10-22,8,106.23,100.36902107768155,100.36902107768155,-1.0352499170899492,-0.05706030713517037,stop,0.018390846660762652,1975-1979,temps_10_barres|stop3.0|conf0
SPX,long,1980-03-06,1980-03-07,1980-03-24,11,108.65,100.45879776821603,100.45879776821603,-1.0255284623491285,-0.07723809581630676,stop,0.025130241545586657,1980-1984,objectif_2R|stop3.0|conf0
SPX,long,1980-09-29,1980-09-30,1980-10-28,20,123.54,115.15466955433129,128.05,0.5078404515590217,0.034435452842446625,temps,0.02262514285701989,1980-1984,objectif_2R|stop3.0|conf0
SPX,long,1980-10-30,1980-10-31,1980-12-02,20,126.29,117.73451159496787,136.97,1.2175505952264676,0.0824002982527016,temps,0.022581593699770728,1980-1984,objectif_2R|stop3.0|conf0
SPX,long,1980-12-08,1980-12-09,1981-01-08,20,130.61,120.64676545983218,133.06,0.21943978044334678,0.016722654116421806,temps,0.025427441850210102,1980-1984,objectif_2R|stop3.0|conf0
SPX,long,1981-01-22,1981-01-23,1981-02-23,20,130.26,120.9581130970591,127.35,-0.34053413388616044,-0.024293302275798796,temps,0.023803385288246326,1980-1984,objectif_2R|stop3.0|conf0
SPX,long,1981-05-04,1981-05-05,1981-06-03,20,130.67,122.26453690524271,130.71,-0.026337632740072888,-0.0016924989757311929,temps,0.021441960905990362,1980-1984,objectif_2R|stop3.0|conf0
SPX,short,1981-10-08,1981-10-09,1981-11-06,20,122.31,131.09342762275614,122.67,-0.06887743896615019,-0.004951235267644257,temps,0.02393761105048954,1980-1984,objectif_2R|stop3.0|conf0
SPX,short,1981-11-27,1981-11-30,1981-12-29,20,125.09,132.5071668514421,121.67,0.42782373156174325,0.0253930483365292,temps,0.01976488088960507,1980-1984,objectif_2R|stop3.0|conf0
SPX,short,1982-01-29,1982-02-01,1982-03-02,20,119.81,127.1243090434496,112.68,0.9430159375309887,0.05762803116947188,temps,0.020349745551149323,1980-1984,objectif_2R|stop3.0|conf0
SPX,short,1982-04-02,1982-04-05,1982-05-04,20,115.12,122.36593938926649,117.46,-0.35503747158177845,-0.022369311632688873,temps,0.020980829827618938,1980-1984,objectif_2R|stop3.0|conf0
SPX,short,1982-05-06,1982-05-07,1982-06-07,20,119.08,123.63322460163222,109.97355079673555,1.9496942121601886,0.07462447039303097,target,0.012745562091681295,1980-1984,objectif_2R|stop3.0|conf0
SPX,short,1982-07-16,1982-07-19,1982-08-05,13,111.75,115.12483536472868,105.00032927054264,1.9357745472458179,0.058518656465743946,target,0.01006662301186779,1980-1984,objectif_2R|stop3.0|conf0
SPX,short,1982-08-17,1982-08-18,1982-08-23,3,109.04,113.56196871455585,113.56196871455585,-1.0492267821309789,-0.04355575938438789,stop,0.013823577630703845,1980-1984,objectif_2R|stop3.0|conf0
SPX,long,1982-11-22,1982-11-23,1982-12-22,20,134.21,126.86243411073927,138.83,0.5916190566393625,0.03235688385826226,temps,0.018248928021411072,1980-1984,objectif_2R|stop3.0|conf0
SPX,long,1983-01-24,1983-01-25,1983-02-23,20,139.98,133.5569092053633,146.79,1.0155905012968112,0.0465546027054815,temps,0.015295258357471794,1980-1984,objectif_2R|stop3.0|conf0
SPX,long,1983-06-08,1983-06-09,1983-06-22,9,161.37,156.58253077666728,170.94493844666545,1.930586511798961,0.05721875266840614,target,0.009889217787967041,1980-1984,objectif_2R|stop3.0|conf0
SPX,long,1983-07-15,1983-07-18,1983-08-08,15,164.28,159.32443206998207,159.32443206998207,-1.0653011797315428,-0.03210310727796616,stop,0.010055125253668428,1980-1984,objectif_2R|stop3.0|conf0
SPX,long,1983-08-09,1983-08-10,1983-09-08,20,160.11,154.2240741936991,167.77,1.245703775632196,0.04574851792389755,temps,0.012253920859202863,1980-1984,objectif_2R|stop3.0|conf0
SPX,long,1983-10-19,1983-10-20,1983-11-08,13,166.77,161.79333374251775,161.79333374251775,-1.0660207690737769,-0.0317798744472219,stop,0.009947165272495565,1980-1984,objectif_2R|stop3.0|conf0
SPX,short,1984-03-16,1984-03-19,1984-04-16,20,159.27,164.7169676952458,158.32,0.11610313028880767,0.003974653375042964,temps,0.011399861231966296,1980-1984,objectif_2R|stop3.0|conf0
SPX,short,1984-04-17,1984-04-18,1984-05-17,20,158.97,163.91814769560577,156.57,0.42126066726971867,0.01312541074760366,temps,0.01037543288168788,1980-1984,objectif_2R|stop3.0|conf0
SPX,short,1984-08-01,1984-08-02,1984-08-03,1,154.08,158.7991896145169,160.28,-1.3803980200246382,-0.04232139720197841,gap_stop,0.010209392554770016,1980-1984,objectif_2R|stop3.0|conf0
SPX,long,1984-10-02,1984-10-03,1984-10-31,20,163.59,158.81155750178783,166.09,0.45418983294494925,0.013253572028558473,temps,0.009736623058076453,1980-1984,objectif_2R|stop3.0|conf0
SPX,long,1984-11-16,1984-11-19,1984-12-18,20,164.1,159.6831262291435,168.11,0.8326681247417332,0.022389493504667277,temps,0.00897191503322461,1980-1984,objectif_2R|stop3.0|conf0
SPX,long,1985-01-04,1985-01-07,1985-01-21,10,163.68,159.31536930692423,172.40926138615157,1.922997090700181,0.051226706606964906,target,0.008888544096358293,1985-1989,objectif_2R|stop3.0|conf0
SPX,long,1985-03-13,1985-03-14,1985-04-12,20,178.19,173.5682255608613,180.54,0.4308453444065305,0.01116381794309857,temps,0.00864577967177113,1985-1989,objectif_2R|stop3.0|conf0
SPX,long,1985-05-01,1985-05-02,1985-05-17,11,178.37,174.36233479374437,186.38533041251128,1.9089855784751832,0.04284875343358656,target,0.0074894231209576174,1985-1989,objectif_2R|stop3.0|conf0
SPX,long,1985-06-13,1985-06-14,1985-07-15,20,185.33,180.98283944755235,192.72,1.6129954059442129,0.03779714592858706,temps,0.00781877471258054,1985-1989,objectif_2R|stop3.0|conf0
SPX,long,1985-07-29,1985-07-30,1985-08-27,20,189.62,185.1674352671099,188.1,-0.42620828979351183,-0.00999801801405004,temps,0.00782717141808196,1985-1989,objectif_2R|stop3.0|conf0
SPX,long,1985-09-10,1985-09-11,1985-09-13,2,186.9,183.44850337388203,183.44850337388203,-1.1073008446745627,-0.02042818139320195,stop,0.006155692217082182,1985-1989,objectif_2R|stop3.0|conf0
SPX,long,1985-09-16,1985-09-17,1985-10-16,20,182.88,179.1097312281717,187.98,1.2543243694816852,0.025833418549953992,temps,0.0068720267786313285,1985-1989,objectif_2R|stop3.0|conf0
SPX,long,1986-01-22,1986-01-23,1986-02-10,12,203.49,197.17409050840095,216.12181898319812,1.9335627244910143,0.05995384125538293,target,0.010345978494600975,1985-1989,objectif_2R|stop3.0|conf0
SPX,long,1986-04-04,1986-04-07,1986-05-05,20,228.69,220.12074994111848,237.73,1.00050528822111,0.03745251206880496,temps,0.012490343636773987,1985-1989,objectif_2R|stop3.0|conf0
SPX,long,1986-05-15,1986-05-16,1986-06-16,20,234.43,226.7130103740118,246.13,1.4538622628462177,0.04781056933085266,temps,0.010972699207991305,1985-1989,objectif_2R|stop3.0|conf0
SPX,long,1986-07-07,1986-07-08,1986-07-15,5,244.05,235.718181719776,235.718181719776,-1.0575826506992514,-0.03606959097834675,stop,0.011379933456564946,1985-1989,objectif_2R|stop3.0|conf0
SPX,long,1986-07-16,1986-07-17,1986-08-14,20,235.01,226.00186781849555,246.25,1.194336382195853,0.04573419006847392,temps,0.012776948756087612,1985-1989,objectif_2R|stop3.0|conf0
SPX,long,1986-09-11,1986-09-12,1986-10-10,20,235.18,224.7370698231457,235.48,-0.016342156570025586,-0.0007249320116060402,temps,0.014801329728795408,1985-1989,objectif_2R|stop3.0|conf0
SPX,long,1986-12-29,1986-12-30,1987-01-12,8,244.66,237.361339653689,259.257320692622,1.9309575597736501,0.05754648920085642,target,0.0099439498982411,1985-1989,objectif_2R|stop3.0|conf0
SPX,long,1987-04-13,1987-04-14,1987-05-13,20,285.61,272.6100811050625,293.98,0.5992660464238609,0.027249141740931473,temps,0.0151721098641942,1985-1989,objectif_2R|stop3.0|conf0
SPX,long,1987-05-19,1987-05-20,1987-06-18,20,279.62,264.62043090656863,305.69,1.6990281414924298,0.09104939120674763,temps,0.01788089680451011,1985-1989,objectif_2R|stop3.0|conf0
SPX,long,1987-09-01,1987-09-02,1987-09-08,3,323.4,311.3156265500915,311.3156265500915,-1.0525236686189041,-0.03928998977663816,stop,0.012455548804275872,1985-1989,objectif_2R|stop3.0|conf0
SPX,long,1987-09-09,1987-09-10,1987-10-08,20,313.92,300.169860955746,314.16,-0.02822371459306213,-0.0012350035285813366,temps,0.014600470442845305,1985-1989,objectif_2R|stop3.0|conf0
SPX,long,1987-10-09,1987-10-12,1987-10-16,4,311.07,297.3077586313577,297.3077586313577,-1.044206299129263,-0.04615122919088705,stop,0.014747207347373363,1985-1989,objectif_2R|stop3.0|conf0
SPX,short,1987-12-16,1987-12-17,1988-01-18,20,248.08,266.7465872008303,251.88,-0.23035598064806861,-0.01735030741802727,temps,0.025081408149024847,1985-1989,objectif_2R|stop3.0|conf0
SPX,short,1988-01-29,1988-02-01,1988-03-01,20,257.05,272.90626223273983,267.22,-0.6744508789668323,-0.04164549688766751,temps,0.02056183911397241,1985-1989,objectif_2R|stop3.0|conf0
SPX,short,1988-03-02,1988-03-03,1988-03-31,20,267.98,279.4595658319248,258.89,0.7459454586850234,0.03198634861445541,temps,0.01427913256203792,1985-1989,objectif_2R|stop3.0|conf0
SPX,short,1988-04-08,1988-04-11,1988-05-09,20,269.43,279.93278180596974,256.54,1.1772147825609742,0.04593551722676176,temps,0.012993828707480929,1985-1989,objectif_2R|stop3.0|conf0
SPX,short,1988-05-31,1988-06-01,1988-06-09,6,262.16,272.1028999620501,272.1028999620501,-1.0537331062367299,-0.040004770035568474,stop,0.012642279475701972,1985-1989,objectif_2R|stop3.0|conf0
SPX,long,1988-07-21,1988-07-22,1988-08-19,20,266.65,256.9946532829849,260.24,-0.718450637072978,-0.02598897446075376,temps,0.012069937767379241,1985-1989,objectif_2R|stop3.0|conf0
SPX,long,1988-08-25,1988-08-26,1988-09-26,20,259.18,249.83410193440952,268.88,0.9813866934595662,0.03535294861786106,temps,0.012019829289284769,1985-1989,objectif_2R|stop3.0|conf0
SPX,long,1988-11-07,1988-11-08,1988-11-16,6,273.95,266.0311384271697,266.0311384271697,-1.068189238246042,-0.03084647679846138,stop,0.009635409834921583,1985-1989,objectif_2R|stop3.0|conf0
SPX,long,1988-11-22,1988-11-23,1988-12-22,20,267.22,259.04096358180516,276.87,1.1133230779781447,0.03404241144679754,temps,0.010202625075711472,1985-1989,objectif_2R|stop3.0|conf0
SPX,long,1989-02-24,1989-02-27,1989-03-28,20,287.13,278.57717517893184,291.59,0.45380094661114234,0.01350399678683036,temps,0.009929096949196222,1985-1989,objectif_2R|stop3.0|conf0
SPX,long,1989-06-29,1989-06-30,1989-07-27,18,319.67,310.35843262576844,338.29313474846316,1.929339164041354,0.056142973658226805,target,0.00970956233431514,1985-1989,objectif_2R|stop3.0|conf0
SPX,long,1989-09-14,1989-09-15,1989-10-13,20,343.16,333.44082512483624,333.44082512483624,-1.069615047966035,-0.030263988547553963,stop,0.009440858370404284,1985-1989,objectif_2R|stop3.0|conf0
SPX,long,1989-10-16,1989-10-17,1989-11-14,20,342.84,328.06145723300057,337.99,-0.374247318372303,-0.0161162778418639,temps,0.014368746127444685,1985-1989,objectif_2R|stop3.0|conf0
SPX,long,1989-12-19,1989-12-20,1990-01-19,20,342.5,331.54620746341885,339.15,-0.36805973698479005,-0.011759481394517931,temps,0.010660625339738335,1985-1989,objectif_2R|stop3.0|conf0
SPX,long,1990-01-12,1990-01-15,1990-01-22,5,339.93,331.75468078504684,333.5449391301288,-0.8633957431400164,-0.020743930587699425,stop,0.012025003993400365,1990-1994,trailing_2ATR|stop2.0|conf0
SPX,long,1990-06-25,1990-06-26,1990-07-19,16,352.32,344.4318604225239,362.4928858655258,1.1990245465061304,0.026818302552523265,stop,0.01119456683906121,1990-1994,trailing_2ATR|stop2.0|conf0
SPX,long,1990-07-23,1990-07-24,1990-08-03,8,355.31,346.47481352946073,349.2521991297737,-0.7653899656679528,-0.019013277031026763,stop,0.012433067561480516,1990-1994,trailing_2ATR|stop2.0|conf0
SPX,short,1990-10-22,1990-10-23,1990-11-02,8,314.76,327.0145947673446,310.2948487424043,0.3133597219457787,0.012212289837344329,stop,0.01946656939786596,1990-1994,trailing_2ATR|stop2.0|conf0
SPX,short,1990-11-05,1990-11-06,1990-11-12,4,314.59,325.10655345738417,315.3108337995164,-0.12843890717518897,-0.00429793292868787,stop,0.016714697634038295,1990-1994,trailing_2ATR|stop2.0|conf0
SPX,short,1990-11-13,1990-11-14,1990-11-30,11,317.66,327.76978566236795,319.6991628944051,-0.2647456777706356,-0.008434178865951044,stop,0.015912903202115358,1990-1994,trailing_2ATR|stop2.0|conf0
SPX,short,1990-12-03,1990-12-04,1990-12-06,2,324.11,332.5879516793595,330.5253767031212,-0.8339292729206044,-0.021835454533933724,stop,0.013078818424854985,1990-1994,trailing_2ATR|stop2.0|conf0
SPX,short,1990-12-07,1990-12-10,1990-12-21,9,327.75,336.29958501442593,331.8921272449038,-0.5616377127131345,-0.0146653728393494,stop,0.013042845178376703,1990-1994,trailing_2ATR|stop2.0|conf0
SPX,short,1990-12-26,1990-12-27,1991-01-16,13,330.85,337.70035990841575,316.8773260030168,1.9451454885765094,0.040315203131135485,stop,0.01035266723351323,1990-1994,trailing_2ATR|stop2.0|conf0
SPX,short,1991-01-17,1991-01-18,1991-01-24,4,327.93,336.63672497198894,335.4553735923827,-0.9405096626251257,-0.024996053797752462,stop,0.013275279742611116,1990-1994,trailing_2ATR|stop2.0|conf0
SPX,long,1991-04-29,1991-04-30,1991-05-13,9,373.66,364.4121778940056,375.19453778227324,0.08495873249786214,0.002100568287065386,stop,0.012374648217623586,1990-1994,trailing_2ATR|stop2.0|conf0
SPX,long,1991-05-14,1991-05-15,1991-06-07,16,371.55,362.66282780891197,382.0073628392249,1.0918889909792253,0.02609100084785556,stop,0.011959591160123892,1990-1994,trailing_2ATR|stop2.0|conf0
SPX,long,1991-06-19,1991-06-20,1991-06-25,3,375.09,367.4872556544013,370.5278377836419,-0.6981400153504252,-0.014136547432789642,stop,0.010134560166358334,1990-1994,trailing_2ATR|stop2.0|conf0
SPX,long,1991-06-26,1991-06-27,1991-07-24,18,371.59,363.9097629776462,378.5765168168533,0.8119997184833319,0.01676611367328686,stop,0.01033428916595407,1990-1994,trailing_2ATR|stop2.0|conf0
SPX,long,1991-08-19,1991-08-20,1991-09-04,10,376.47,368.3627065327512,389.84236528647426,1.5549027517151859,0.033451428963067555,stop,0.010767515960433552,1990-1994,trailing_2ATR|stop2.0|conf0
SPX,long,1991-09-10,1991-09-11,1991-10-04,17,384.56,377.18931753568245,383.7158647128255,-0.218760089000329,-0.004188684084501084,stop,0.009583267194088757,1990-1994,trailing_2ATR|stop2.0|conf0
SPX,long,1991-10-07,1991-10-08,1991-10-23,11,379.5,373.13944051533446,387.2895902175425,1.1041168067457026,0.018486916580981633,stop,0.008380183774262917,1990-1994,trailing_2ATR|stop2.0|conf0
SPX,long,1991-11-15,1991-11-18,1991-11-19,1,382.62,374.38533307141415,376.9392378520274,-0.7820985890112471,-0.0168153455081445,stop,0.010760894527972742,1990-1994,trailing_2ATR|stop2.0|conf0
SPX,long,1992-02-18,1992-02-19,1992-03-05,11,407.38,398.91751543308277,408.4891864932598,0.03466089709791316,0.0007192898092299871,stop,0.010386475240460057,1990-1994,trailing_2ATR|stop2.0|conf0
SPX,long,1992-03-06,1992-03-09,1992-03-27,14,404.45,396.82495361723466,405.16688030102085,-0.012162100349932998,-0.0002290615288533586,stop,0.0094264388462917,1990-1994,trailing_2ATR|stop2.0|conf0
SPX,long,1992-03-30,1992-03-31,1992-04-03,3,403.0,396.74771821873736,398.97716691739896,-0.7716879082414043,-0.011960273596176546,stop,0.007757173425884153,1990-1994,trailing_2ATR|stop2.0|conf0
SPX,long,1992-04-07,1992-04-08,1992-04-20,7,398.05,390.6241067082574,408.0809950402834,1.242256477816744,0.023151986928391745,stop,0.009327839833868368,1990-1994,trailing_2ATR|stop2.0|conf0
SPX,long,1992-06-09,1992-06-10,1992-06-17,5,410.06,403.480484772313,405.3953881358497,-0.8328983310541781,-0.013350711260855574,stop,0.008022625015469695,1990-1994,trailing_2ATR|stop2.0|conf0
SPX,long,1992-06-19,1992-06-22,1992-07-07,10,403.64,396.91056912135576,408.860639171491,0.6550536905444357,0.01091005548885656,stop,0.0083359316205582,1990-1994,trailing_2ATR|stop2.0|conf0
SPX,long,1992-08-21,1992-08-24,1992-08-25,1,414.8,408.39173372185894,408.39173372185894,-1.1284577915449288,-0.017416185578796595,stop,0.007724525407595297,1990-1994,trailing_2ATR|stop2.0|conf0
SPX,long,1992-09-25,1992-09-28,1992-10-02,4,414.35,407.89178749791074,412.4912617848768,-0.4158394410278692,-0.006474952528846811,stop,0.007793185111728334,1990-1994,trailing_2ATR|stop2.0|conf0
SPX,long,1993-01-07,1993-01-08,1993-01-20,8,430.73,424.7124698450416,433.5999300536825,0.3332929078845203,0.004651629854205138,stop,0.006985269374037558,1990-1994,trailing_2ATR|stop2.0|conf0
SPX,long,1993-02-16,1993-02-17,1993-03-12,17,433.93,426.8741512459279,448.9672818597034,2.00604988445577,0.032586464023022586,stop,0.008130169329237531,1990-1994,trailing_2ATR|stop2.0|conf0
SPX,long,1993-04-02,1993-04-05,1993-04-20,10,441.42,433.2665371970566,443.3390439814693,0.1268522298420798,0.0023407450632096953,stop,0.009235493184431369,1990-1994,trailing_2ATR|stop2.0|conf0
SPX,long,1993-04-22,1993-04-23,1993-05-13,14,439.49,431.8880975318105,439.49782872006426,-0.114597511912469,-0.0019802243960862333,stop,0.008648549987701093,1990-1994,trailing_2ATR|stop2.0|conf0
SPX,long,1993-06-18,1993-06-21,1993-07-02,9,443.68,437.1005370763603,445.98473278650243,0.21507349006127768,0.003186202667049796,stop,0.007414648985349483,1990-1994,trailing_2ATR|stop2.0|conf0
SPX,long,1993-07-06,1993-07-07,1993-07-19,8,441.4,435.0142849026475,445.0120279469756,0.42683017915389776,0.006168765351161554,stop,0.007233478814400169,1990-1994,trailing_2ATR|stop2.0|conf0
SPX,long,1993-09-20,1993-09-21,1993-10-08,13,455.05,448.6972638206511,457.3297347841984,0.2152387586720746,0.0030018438860650244,stop,0.006980261706789284,1990-1994,trailing_2ATR|stop2.0|conf0
SPX,long,1993-11-04,1993-11-05,1993-11-19,10,457.49,451.0123127756858,460.44239082859923,0.3140717307458585,0.00444255833298856,stop,0.007079594334645753,1990-1994,trailing_2ATR|stop2.0|conf0
SPX,long,1993-11-22,1993-11-23,1993-12-31,26,459.13,452.00400025527176,466.4843291527001,0.902149179601555,0.013987960993654194,stop,0.007760329040498591,1990-1994,trailing_2ATR|stop2.0|conf0
SPX,long,1994-02-04,1994-02-07,1994-02-18,9,469.81,462.9481565988086,467.94111840382163,-0.40902022248056896,-0.005968005971981069,stop,0.007302785595444302,1990-1994,trailing_2ATR|stop2.0|conf0
SPX,long,1994-02-24,1994-02-25,1994-03-02,3,464.33,456.6086537570686,461.7663902293092,-0.4519556630574296,-0.007508065257422647,stop,0.008314502878266912,1990-1994,trailing_2ATR|stop2.0|conf0
SPX,long,1994-03-03,1994-03-04,1994-03-24,14,463.03,455.1320332849097,464.2247761829332,0.033872187159159246,0.0005771853931662091,stop,0.008528569115489581,1990-1994,trailing_2ATR|stop2.0|conf0
SPX,short,1994-07-15,1994-07-18,1994-07-29,9,454.41,461.78218972950407,456.51022097048957,-0.40844597086387346,-0.0066331184322676925,stop,0.008111826026610388,1990-1994,trailing_2ATR|stop2.0|conf0
SPX,short,1994-08-02,1994-08-03,1994-08-12,7,460.65,466.76421482221775,461.5089731786679,-0.291310037942118,-0.003870433228944826,stop,0.0066365080019730556,1990-1994,trailing_2ATR|stop2.0|conf0
SPX,long,1994-09-20,1994-09-21,1994-10-04,9,463.42,456.03706843751013,458.69444981061,-0.7649623447539915,-0.012174749938681824,stop,0.007965702346133004,1990-1994,trailing_2ATR|stop2.0|conf0
SPX,long,1995-10-26,1995-10-27,1995-12-15,34,576.72,567.9052891787113,614.5872471954988,4.160764963466079,0.06353048385291948,stop,0.007642106066452231,1995-1999,trailing_2ATR|stop2.0|conf0
SPX,long,1996-01-10,1996-01-11,1996-02-15,25,598.48,587.1166121125208,652.4061713867078,4.635526458914734,0.08792718646031353,stop,0.009493540208093208,1995-1999,trailing_2ATR|stop2.0|conf0
SPX,long,1996-03-08,1996-03-11,1996-04-08,19,633.5,616.5092920885268,644.3888332688873,0.5656588581061179,0.015156026981098674,stop,0.013410187775432694,1995-1999,trailing_2ATR|stop2.0|conf0
SPX,long,1996-04-10,1996-04-11,1996-05-02,15,633.5,619.1614237214816,645.1966274180539,0.7265666122126629,0.01642860815685653,stop,0.01131695049606817,1995-1999,trailing_2ATR|stop2.0|conf0
SPX,long,1996-05-07,1996-05-08,1996-05-29,14,638.26,625.7091819993502,668.6692880222963,2.3187619111971336,0.04555084988691948,stop,0.009832057469252184,1995-1999,trailing_2ATR|stop2.0|conf0
SPX,long,1996-07-05,1996-07-08,1996-07-11,3,657.44,645.6900791335096,646.0737927222607,-1.0782813956300172,-0.01925204430283395,stop,0.008936116502259115,1995-1999,trailing_2ATR|stop2.0|conf0
SPX,long,1996-07-12,1996-07-15,1996-07-15,0,646.19,632.6952888523349,632.6952888523349,-1.094769371115702,-0.022839780248717124,stop,0.010441751766249178,1995-1999,trailing_2ATR|stop2.0|conf0
SPX,long,1996-07-17,1996-07-18,1996-07-23,3,634.07,616.5922301780539,626.8108453721518,-0.4874784117205882,-0.013423634534469478,stop,0.013782208448551547,1995-1999,trailing_2ATR|stop2.0|conf0
SPX,long,1996-08-30,1996-09-03,1996-10-09,26,651.99,640.451229459533,694.8139441571277,3.594589221400011,0.06355266876556726,stop,0.008848886133581056,1995-1999,trailing_2ATR|stop2.0|conf0
SPX,long,1996-12-12,1996-12-13,1996-12-31,11,729.33,712.249156795333,742.8879422255144,0.7075601677548767,0.016554441244232828,stop,0.011709955167528433,1995-1999,trailing_2ATR|stop2.0|conf0
SPX,long,1997-03-13,1997-03-14,1997-03-20,4,789.56,770.6644985376952,778.2884629278598,-0.679494299777209,-0.016245198561340386,stop,0.011965842660662146,1995-1999,trailing_2ATR|stop2.0|conf0
SPX,long,1997-03-21,1997-03-24,1997-03-27,3,784.1,765.4533968470612,779.4722204347644,-0.33203644303946844,-0.007888236983868509,stop,0.011890449657530151,1995-1999,trailing_2ATR|stop2.0|conf0
SPX,long,1997-03-31,1997-04-01,1997-04-11,8,757.12,735.1631390483427,749.2833408840157,-0.4255190428831769,-0.012327938408891684,stop,0.01450025157944397,1995-1999,trailing_2ATR|stop2.0|conf0
SPX,long,1997-04-14,1997-04-15,1997-06-11,40,743.73,722.0707888234626,869.57,5.7355135876125685,0.16686512229249537,temps,0.014561205798164261,1995-1999,trailing_2ATR|stop2.0|conf0
SPX,long,1997-08-15,1997-08-18,1997-08-22,4,900.81,872.6201051197029,910.5074128819197,0.27974902008413827,0.008745703590974993,stop,0.015646970437882032,1995-1999,trailing_2ATR|stop2.0|conf0
SPX,long,1997-08-28,1997-08-29,1997-09-11,8,903.67,874.3150369312485,912.6596100868261,0.24436346453371535,0.007930012462931145,stop,0.016242081218116926,1995-1999,trailing_2ATR|stop2.0|conf0
SPX,long,1997-10-17,1997-10-20,1997-10-23,3,944.16,918.3791934467921,946.9669052487618,0.03552171037097271,0.0009689708100672472,stop,0.013652774187218202,1995-1999,trailing_2ATR|stop2.0|conf0
SPX,long,1997-10-24,1997-10-27,1997-10-27,0,941.64,913.0890662604119,913.0890662604119,-1.0649621158865505,-0.032257855994148654,stop,0.015160217142213625,1995-1999,trailing_2ATR|stop2.0|conf0
SPX,long,1997-10-28,1997-10-29,1997-11-12,10,921.85,878.9330214184164,913.2619146492844,-0.2428688507405221,-0.011295530163132762,stop,0.023277636590325758,1995-1999,trailing_2ATR|stop2.0|conf0
SPX,long,1997-12-23,1997-12-24,1998-01-07,8,939.13,910.2971752199054,955.8380942924373,0.5137591030751731,0.015757486045887954,stop,0.015350816596261746,1995-1999,trailing_2ATR|stop2.0|conf0
SPX,long,1998-01-09,1998-01-12,1998-03-05,36,927.69,898.3189410944998,1032.9260872170623,3.5162324743594864,0.11121419744851664,stop,0.015830212088898392,1995-1999,trailing_2ATR|stop2.0|conf0
SPX,long,1998-04-27,1998-04-28,1998-05-07,7,1086.54,1060.596561061198,1104.5008012312098,0.6078515830988428,0.014499242019212762,stop,0.011938556766802002,1995-1999,trailing_2ATR|stop2.0|conf0
SPX,long,1998-05-26,1998-05-27,1998-06-04,6,1094.02,1068.162499100691,1078.2163656114135,-0.6951897951854364,-0.016414611105241617,stop,0.011817654567242365,1995-1999,trailing_2ATR|stop2.0|conf0
SPX,long,1998-06-15,1998-06-16,1998-07-21,24,1077.01,1047.8379042435768,1167.254728918328,3.016597262129631,0.0816264952393868,stop,0.013543094194307952,1995-1999,trailing_2ATR|stop2.0|conf0
SPX,long,1998-07-23,1998-07-24,1998-07-28,2,1139.75,1112.9103277819122,1122.2131615117755,-0.7376692788518219,-0.017353825511830664,stop,0.011774368158845323,1995-1999,trailing_2ATR|stop2.0|conf0
SPX,long,1998-07-29,1998-07-30,1998-08-03,2,1125.21,1094.4396704961264,1111.946122603546,-0.5037656004660622,-0.013762362555510896,stop,0.013673149680447923,1995-1999,trailing_2ATR|stop2.0|conf0
SPX,long,1998-08-04,1998-08-05,1998-08-11,4,1072.12,1035.3124421865853,1066.1191524700923,-0.22112542004650723,-0.007583997804957245,stop,0.017165782661182783,1995-1999,trailing_2ATR|stop2.0|conf0
SPX,long,1998-08-12,1998-08-13,1998-08-21,6,1084.22,1046.7050855481918,1069.4747285821838,-0.45045994088849284,-0.015570718177432665,stop,0.017300416175595437,1995-1999,trailing_2ATR|stop2.0|conf0
SPX,long,1999-02-09,1999-02-10,1999-02-25,10,1216.14,1173.6762404157687,1238.1769662725653,0.4611614585714837,0.016086212294697082,stop,0.01745841744545504,1995-1999,trailing_2ATR|stop2.0|conf0
SPX,long,1999-04-19,1999-04-20,1999-04-30,8,1289.48,1243.633151594861,1328.8258299767729,0.8010915782529411,0.028453976264449805,stop,0.017777262309279375,1995-1999,trailing_2ATR|stop2.0|conf0
SPX,long,1999-05-24,1999-05-25,1999-06-10,11,1306.65,1263.1155462063193,1294.9981396470507,-0.3274075416254602,-0.010897538915067416,stop,0.01665880449763932,1995-1999,trailing_2ATR|stop2.0|conf0
SPX,long,1999-06-11,1999-06-14,1999-06-24,8,1293.64,1251.11870204261,1313.2826352909492,0.40063952593190993,0.013155664606611227,stop,0.01643474921824852,1995-1999,trailing_2ATR|stop2.0|conf0
SPX,long,1999-07-23,1999-07-26,1999-07-29,3,1356.94,1321.3486203796547,1335.5844019584918,-0.6756726684941363,-0.017704613575487096,stop,0.013114573828004667,1995-1999,trailing_2ATR|stop2.0|conf0
SPX,long,1999-07-30,1999-08-02,1999-08-04,2,1328.72,1291.0622139335974,1306.9391986526261,-0.6483774830249505,-0.01835756854532833,stop,0.014170700398279,1995-1999,trailing_2ATR|stop2.0|conf0
SPX,long,1999-08-05,1999-08-06,1999-08-10,2,1313.71,1273.6840267637826,1277.5766863422411,-0.9674867895294826,-0.0294478343239157,stop,0.015233945557321367,1995-1999,trailing_2ATR|stop2.0|conf0
SPX,long,1999-08-11,1999-08-12,1999-08-30,12,1301.93,1261.1354081216264,1344.2095455239685,0.9715357882880402,0.030411629017134865,stop,0.01566696822347348,1995-1999,trailing_2ATR|stop2.0|conf0
SPX,long,1999-09-15,1999-09-16,1999-09-22,4,1317.97,1279.586802010665,1301.2268345544574,-0.5044489071879019,-0.01467637295297776,stop,0.01456148394475408,1995-1999,trailing_2ATR|stop2.0|conf0
SPX,long,2000-01-04,2000-01-05,2000-01-24,12,1399.42,1358.459082334681,1430.956379634036,0.7008144565742269,0.020492293899239546,stop,0.014634962221963078,2000-2004,trailing_2ATR|stop2.0|conf0
SPX,long,2000-01-25,2000-01-26,2000-01-28,2,1410.03,1362.3139191742455,1369.2110323492218,-0.9137005371907111,-0.03088916833620432,stop,0.016920236032479653,2000-2004,trailing_2ATR|stop2.0|conf0
SPX,long,2000-02-11,2000-02-14,2000-02-18,4,1387.12,1336.3348122151203,1359.093027167744,-0.6059480569369052,-0.02216278578349935,stop,0.01830598210136096,2000-2004,trailing_2ATR|stop2.0|conf0
SPX,long,2000-04-13,2000-04-14,2000-04-14,0,1440.51,1373.6540266333539,1373.6540266333539,-1.0420929332851097,-0.04831659402324387,stop,0.02320566096960314,2000-2004,trailing_2ATR|stop2.0|conf0
SPX,long,2000-04-17,2000-04-18,2000-05-03,10,1401.44,1322.5197984746778,1414.9226284471063,0.13515254158641307,0.00760332958132404,stop,0.028156824953377357,2000-2004,trailing_2ATR|stop2.0|conf0
SPX,long,2000-05-04,2000-05-05,2000-05-19,10,1409.57,1342.2714500385762,1411.1490836641724,-0.01844966080551924,-0.0008799811463546269,stop,0.023872014146663068,2000-2004,trailing_2ATR|stop2.0|conf0
SPX,long,2000-07-26,2000-07-27,2000-07-28,1,1452.42,1414.3013551797292,1426.7169726668913,-0.7498211030465569,-0.01965933455548696,stop,0.01312245935069436,2000-2004,trailing_2ATR|stop2.0|conf0
SPX,long,2000-07-31,2000-08-01,2000-09-06,25,1430.83,1389.516318268901,1498.196123983895,1.5597035935774783,0.044989778754133306,stop,0.014436963766170312,2000-2004,trailing_2ATR|stop2.0|conf0
SPX,long,2000-09-15,2000-09-18,2000-09-20,2,1465.81,1432.4692720288376,1433.2144743513957,-1.0646003336716647,-0.02419078259250769,stop,0.011372800011994196,2000-2004,trailing_2ATR|stop2.0|conf0
SPX,long,2000-09-21,2000-09-22,2000-09-27,3,1449.05,1412.9832457417647,1419.6474414814195,-0.8947646280838585,-0.02224838131404623,stop,0.012444965411212646,2000-2004,trailing_2ATR|stop2.0|conf0
SPX,short,2000-10-31,2000-11-01,2000-11-14,9,1429.4,1487.9117092764798,1382.8699707533253,0.7471625733807645,0.030615307679248933,stop,0.020467227254960006,2000-2004,trailing_2ATR|stop2.0|conf0
SPX,short,2001-01-23,2001-01-24,2001-02-26,22,1360.4,1410.961099617365,1262.2582470427376,1.8891815137148282,0.07028426155515988,stop,0.018583173925817816,2000-2004,trailing_2ATR|stop2.0|conf0
SPX,short,2001-04-18,2001-04-19,2001-04-30,7,1238.16,1298.1153996221556,1260.6816154696141,-0.4173178269641231,-0.02022800170226078,stop,0.024211491092490305,2000-2004,trailing_2ATR|stop2.0|conf0
SPX,short,2001-05-01,2001-05-02,2001-05-16,10,1266.44,1319.0307806855346,1273.9917487670418,-0.19190018448584836,-0.007976913867698023,stop,0.020763234217781545,2000-2004,trailing_2ATR|stop2.0|conf0
SPX,short,2001-05-17,2001-05-18,2001-06-05,11,1288.49,1332.4260486817861,1282.9684190599692,0.06714583148652647,0.002291888642183954,stop,0.01704943332186752,2000-2004,trailing_2ATR|stop2.0|conf0
SPX,short,2001-10-11,2001-10-12,2001-10-25,9,1097.43,1141.6354683761617,1097.1484969710825,-0.04327689623768516,-0.0017449773183819768,stop,0.020140450131744952,2000-2004,trailing_2ATR|stop2.0|conf0
SPX,short,2001-10-26,2001-10-29,2001-11-05,5,1104.61,1145.9293672862905,1095.6714686326457,0.1630772768623064,0.00610622291452671,stop,0.01870314739423439,2000-2004,trailing_2ATR|stop2.0|conf0
SPX,short,2001-11-06,2001-11-07,2001-11-13,4,1118.86,1161.5128239696219,1139.0139500571734,-0.5254476004494466,-0.020050996787351418,stop,0.01906084048478899,2000-2004,trailing_2ATR|stop2.0|conf0
SPX,short,2001-11-14,2001-11-15,2001-12-05,13,1141.21,1181.260089590114,1158.5165634589991,-0.48954422382359813,-0.017197462288620208,stop,0.017547204103589103,2000-2004,trailing_2ATR|stop2.0|conf0
SPX,short,2001-12-06,2001-12-07,2001-12-19,8,1167.1,1200.7937205335247,1146.7460756830174,0.5354136603391784,0.015472655623063603,stop,0.014434804444145641,2000-2004,trailing_2ATR|stop2.0|conf0
SPX,short,2001-12-27,2001-12-28,2002-01-03,3,1157.13,1185.0398024249396,1163.8759095946036,-0.32486491183814653,-0.007843536591129557,stop,0.012059925170438707,2000-2004,trailing_2ATR|stop2.0|conf0
SPX,short,2002-01-07,2002-01-08,2002-01-31,16,1164.89,1192.0707228058834,1114.3173453110257,1.7767536091133793,0.04149901633012241,stop,0.011666647840518575,2000-2004,trailing_2ATR|stop2.0|conf0
SPX,short,2002-03-01,2002-03-04,2002-03-07,3,1131.78,1167.65956706034,1166.757483842844,-1.0389205996827768,-0.03296871711935898,stop,0.015850945881858636,2000-2004,trailing_2ATR|stop2.0|conf0
SPX,short,2002-05-17,2002-05-20,2002-06-17,19,1106.59,1140.5767740749511,1017.9519078371367,2.545506380341874,0.07825856948411924,stop,0.015356534070862345,2000-2004,trailing_2ATR|stop2.0|conf0
SPX,short,2002-08-15,2002-08-16,2002-09-11,17,930.25,988.0829943668788,917.668514911889,0.18559589885849492,0.011549917639433726,stop,0.03108465163497917,2000-2004,trailing_2ATR|stop2.0|conf0
SPX,short,2002-10-15,2002-10-16,2002-10-28,8,881.27,934.2318261800755,905.7762686550846,-0.49645786069271225,-0.029865574180782117,stop,0.030048581127279667,2000-2004,trailing_2ATR|stop2.0|conf0
SPX,short,2002-11-01,2002-11-04,2002-11-18,10,900.96,948.1771727140335,914.7592623902108,-0.33070556229979386,-0.01734884152999667,stop,0.026203811886228834,2000-2004,trailing_2ATR|stop2.0|conf0
SPX,short,2002-11-20,2002-11-21,2002-12-02,6,914.15,954.8774014108211,949.8472320520633,-0.9222594121641006,-0.04112982345591805,stop,0.02227610425576828,2000-2004,trailing_2ATR|stop2.0|conf0
SPX,short,2003-01-06,2003-01-07,2003-02-18,28,929.01,961.2682747937123,838.7204336591191,2.744159025034917,0.09538158507828287,stop,0.01736164023730225,2000-2004,trailing_2ATR|stop2.0|conf0
SPX,short,2003-03-17,2003-03-18,2003-03-21,3,862.79,898.2162235097888,891.1454682303793,-0.8499185268870075,-0.034932652490005094,stop,0.020530038311633716,2000-2004,trailing_2ATR|stop2.0|conf0
SPX,short,2003-03-25,2003-03-26,2003-04-02,5,874.74,911.6535812715499,877.654098945115,-0.12641669768456312,-0.005340060141605899,stop,0.021099744650724728,2000-2004,trailing_2ATR|stop2.0|conf0
SPX,short,2003-04-04,2003-04-07,2003-04-16,7,878.85,911.7755814075867,894.645684789008,-0.5336027405653834,-0.02001111366107748,stop,0.01873219628354478,2000-2004,trailing_2ATR|stop2.0|conf0
SPX,long,2003-08-05,2003-08-06,2003-08-26,14,965.46,936.5619931568782,987.8387052120662,0.7068102176643973,0.021135004562953245,stop,0.014965926523689112,2000-2004,trailing_2ATR|stop2.0|conf0
SPX,long,2003-09-25,2003-09-26,2003-10-22,18,1003.27,979.4479147503197,1031.7754569103927,1.111171048883629,0.026357777553396883,stop,0.011872220463923108,2000-2004,trailing_2ATR|stop2.0|conf0
SPX,long,2003-11-18,2003-11-19,2003-12-10,14,1034.15,1012.2186201168379,1054.5988198072423,0.8371598634124642,0.01773604337685709,stop,0.010603577761041554,2000-2004,trailing_2ATR|stop2.0|conf0
SPX,long,2004-03-10,2004-03-11,2004-03-16,3,1123.89,1102.0525858929873,1102.8124011863451,-1.0671731140253138,-0.020714678655959697,stop,0.009715102949137753,2000-2004,trailing_2ATR|stop2.0|conf0
SPX,long,2004-03-19,2004-03-22,2004-04-14,16,1109.78,1085.1306199555804,1127.6410404537562,0.633834172914213,0.01406405900439806,stop,0.011105525439465273,2000-2004,trailing_2ATR|stop2.0|conf0
SPX,long,2004-04-29,2004-04-30,2004-05-07,5,1113.89,1087.7826336239862,1102.5531947348675,-0.5191350312653249,-0.01215533737722412,stop,0.011719005636110344,2000-2004,trailing_2ATR|stop2.0|conf0
SPX,long,2004-05-10,2004-05-11,2004-07-01,35,1087.12,1059.8771169214663,1125.9296912451043,1.3433468641465554,0.03363021696996377,stop,0.01252984172792957,2000-2004,trailing_2ATR|stop2.0|conf0
SPX,long,2004-07-06,2004-07-07,2004-07-16,7,1116.21,1095.1154896827215,1103.3108302358517,-0.7167120908230058,-0.013531133933020452,stop,0.009449167413514736,2000-2004,trailing_2ATR|stop2.0|conf0
SPX,long,2005-01-04,2005-01-05,2005-01-20,10,1188.05,1168.6193344696703,1175.5160792843672,-0.7666997700960557,-0.012526917377826153,stop,0.008177545360182528,2005-2009,trailing_2ATR|stop2.0|conf0
SPX,long,2005-01-21,2005-01-24,2005-02-22,20,1167.87,1146.8755735732668,1194.8387616207272,1.1720278686811294,0.021048122982625657,stop,0.008988340494546977,2005-2009,trailing_2ATR|stop2.0|conf0
SPX,long,2005-03-16,2005-03-17,2005-03-22,3,1188.07,1166.863389723318,1172.7598105267384,-0.8332788245379624,-0.014858860099043227,stop,0.008924815152592825,2005-2009,trailing_2ATR|stop2.0|conf0
SPX,long,2005-03-23,2005-03-24,2005-04-12,12,1172.53,1151.303922641124,1171.4060075157838,-0.16338056406270451,-0.002954691161594203,stop,0.009051400543643177,2005-2009,trailing_2ATR|stop2.0|conf0
SPX,long,2005-04-14,2005-04-15,2005-04-20,3,1162.05,1139.2545184082276,1139.2545184082276,-1.1009544154240989,-0.021575417921590973,stop,0.009808304974731024,2005-2009,trailing_2ATR|stop2.0|conf0
SPX,long,2005-06-27,2005-06-28,2005-07-07,6,1190.69,1171.9240196835224,1187.0913646292356,-0.31847079846640647,-0.005014274319179979,stop,0.007880296431681458,2005-2009,trailing_2ATR|stop2.0|conf0
SPX,long,2005-08-24,2005-08-25,2005-09-20,17,1209.59,1189.5767282743404,1224.5305554388437,0.6249070644141744,0.010329070959963792,stop,0.008272750157350652,2005-2009,trailing_2ATR|stop2.0|conf0
SPX,long,2005-09-21,2005-09-22,2005-10-05,9,1210.2,1190.0995862111831,1213.617586596868,0.04944022649047163,0.000820340632984028,stop,0.008304583452659421,2005-2009,trailing_2ATR|stop2.0|conf0
SPX,long,2005-12-30,2006-01-03,2006-01-18,10,1248.29,1230.5403465777035,1277.0646354765067,1.478861598957031,0.021007184054384155,stop,0.007109587284323494,2005-2009,trailing_2ATR|stop2.0|conf0
SPX,long,2006-01-20,2006-01-23,2006-02-02,8,1261.49,1241.1104402812502,1269.0165036039416,0.2451474501552289,0.003956437303699177,stop,0.008077574819756727,2005-2009,trailing_2ATR|stop2.0|conf0
SPX,long,2006-02-03,2006-02-06,2006-03-06,19,1264.03,1244.3508628013578,1277.971231664762,0.5792545840822761,0.009009155313170569,stop,0.00778428407499908,2005-2009,trailing_2ATR|stop2.0|conf0
SPX,long,2006-05-12,2006-05-15,2006-05-17,2,1291.19,1269.057568736373,1276.0915261043217,-0.7981841313030439,-0.013668094791988794,stop,0.00857055555868118,2005-2009,trailing_2ATR|stop2.0|conf0
SPX,long,2006-05-18,2006-05-19,2006-05-24,3,1261.81,1237.860040365461,1247.9420403363404,-0.6838304512370447,-0.012966572109622041,stop,0.009490319316909485,2005-2009,trailing_2ATR|stop2.0|conf0
SPX,long,2006-05-30,2006-05-31,2006-06-06,4,1259.38,1232.2628957737977,1263.963579451543,0.07597551179895841,0.0016342785294327592,stop,0.010766053227065028,2005-2009,trailing_2ATR|stop2.0|conf0
SPX,long,2007-02-27,2007-02-28,2007-03-01,1,1398.64,1372.262547396489,1388.6480797253114,-0.4844746968747407,-0.009127754041426933,stop,0.009429679046613492,2005-2009,trailing_2ATR|stop2.0|conf0
SPX,long,2007-03-02,2007-03-05,2007-03-13,6,1387.11,1357.466813640702,1380.4031101826545,-0.3196148623393932,-0.006823494884716031,stop,0.010685232735434836,2005-2009,trailing_2ATR|stop2.0|conf0
SPX,long,2007-03-14,2007-03-15,2007-03-30,11,1387.11,1354.1842633717786,1409.5419570436202,0.5963512770659484,0.014141408682209549,stop,0.01186846631781957,2005-2009,trailing_2ATR|stop2.0|conf0
SPX,long,2007-06-07,2007-06-08,2007-06-21,9,1490.71,1464.611647172031,1511.729986675134,0.6903710286708185,0.012074479369775184,stop,0.008753665309808423,2005-2009,trailing_2ATR|stop2.0|conf0
SPX,long,2007-06-25,2007-06-26,2007-07-24,19,1497.68,1466.5981309722122,1527.6588015523132,0.8671763826899853,0.017978831402266467,stop,0.010376672262361763,2005-2009,trailing_2ATR|stop2.0|conf0
SPX,long,2007-07-26,2007-07-27,2007-08-01,3,1482.44,1444.5588823941716,1449.1289622231593,-0.956745973447396,-0.024423518212355902,stop,0.012776610724828113,2005-2009,trailing_2ATR|stop2.0|conf0
SPX,long,2007-08-02,2007-08-03,2007-08-06,1,1472.18,1429.914305499158,1429.914305499158,-1.0686631165008074,-0.030650237158635987,stop,0.014354798496393793,2005-2009,trailing_2ATR|stop2.0|conf0
SPX,long,2007-08-09,2007-08-10,2007-08-15,3,1453.09,1400.9934912382096,1414.9808674451908,-0.7865633301767102,-0.028171873149700905,stop,0.017926112202888464,2005-2009,trailing_2ATR|stop2.0|conf0
SPX,long,2007-10-19,2007-10-22,2007-11-01,8,1497.79,1461.6829193554215,1515.99050349553,0.42060235058950945,0.010129291449798758,stop,0.01205345230125,2005-2009,trailing_2ATR|stop2.0|conf0
SPX,long,2007-11-05,2007-11-06,2007-11-07,1,1505.33,1464.9085335931775,1480.1357811936648,-0.6971465187312522,-0.018701236974267475,stop,0.013426114674796357,2005-2009,trailing_2ATR|stop2.0|conf0
SPX,short,2008-04-01,2008-04-02,2008-04-18,12,1369.96,1428.5049895388079,1369.305578674157,-0.035610976605416886,-0.0015233519110155603,stop,0.021367408369152296,2005-2009,trailing_2ATR|stop2.0|conf0
SPX,short,2008-04-21,2008-04-22,2008-05-01,7,1386.43,1430.800269367003,1409.7526716192172,-0.5886566537335507,-0.01885778531200735,stop,0.016001626251236228,2005-2009,trailing_2ATR|stop2.0|conf0
SPX,short,2008-05-02,2008-05-05,2008-05-15,8,1415.34,1455.7337826338994,1421.320449229736,-0.21827888115548913,-0.00623591194665606,stop,0.014269992593263617,2005-2009,trailing_2ATR|stop2.0|conf0
SPX,short,2008-05-16,2008-05-19,2008-07-16,40,1425.28,1461.328499590946,1245.36,4.916969139112756,0.1244855654936483,temps,0.012646111497721817,2005-2009,trailing_2ATR|stop2.0|conf0
SPX,short,2008-08-08,2008-08-11,2008-09-02,15,1294.42,1341.2079425611491,1300.737457467407,-0.1904895671192604,-0.006892304245403687,stop,0.01807293713058711,2005-2009,trailing_2ATR|stop2.0|conf0
SPX,short,2009-01-02,2009-01-05,2009-01-28,16,929.17,992.1850431714737,861.5481463203573,1.0446892078481262,0.0709203187424134,stop,0.03390931862386524,2005-2009,trailing_2ATR|stop2.0|conf0
SPX,short,2009-03-17,2009-03-18,2009-03-23,3,776.01,830.032286250764,819.5858319580642,-0.8361628306573832,-0.05826812081604191,stop,0.034807725577482185,2005-2009,trailing_2ATR|stop2.0|conf0
SPX,short,2009-03-24,2009-03-25,2009-04-02,6,806.81,863.1936000046574,835.1452646526174,-0.5316655891924917,-0.03719243334169678,stop,0.0349423036431486,2005-2009,trailing_2ATR|stop2.0|conf0
SPX,short,2009-04-03,2009-04-06,2009-04-16,7,839.75,894.6244520560497,863.4050954303228,-0.46211396334038546,-0.030227608407160454,stop,0.03267308845254522,2005-2009,trailing_2ATR|stop2.0|conf0
SPX,short,2009-04-17,2009-04-20,2009-04-29,7,868.27,915.6130159577783,871.7680368230424,-0.11064092039545648,-0.0060388107133074066,stop,0.027262842179148403,2005-2009,trailing_2ATR|stop2.0|conf0
SPX,short,2009-04-30,2009-05-01,2009-05-06,3,872.74,917.9402460361947,909.5645118591545,-0.8541284562942123,-0.04428061259120289,stop,0.02589559664745213,2005-2009,trailing_2ATR|stop2.0|conf0
SPX,short,2009-05-07,2009-05-08,2009-05-20,8,909.03,952.7246046132506,920.7352056781324,-0.30976297883025034,-0.014904369936320822,stop,0.024033642791354826,2005-2009,trailing_2ATR|stop2.0|conf0
SPX,short,2009-05-29,2009-06-01,2009-06-29,20,923.26,965.4114743544886,924.3367806676731,-0.06937782113496299,-0.0031706179766195722,stop,0.022827521150319875,2005-2009,trailing_2ATR|stop2.0|conf0
SPX,long,2009-07-02,2009-07-06,2009-08-17,30,894.27,858.9151751184555,988.1942075955362,2.6033714972800643,0.10282106477277168,stop,0.01976742196514722,2005-2009,trailing_2ATR|stop2.0|conf0
SPX,long,2009-10-01,2009-10-02,2009-10-26,16,1029.71,998.5262193965426,1072.6722489045715,1.3102922694093349,0.03964130445276725,stop,0.015142020861921061,2005-2009,trailing_2ATR|stop2.0|conf0
SPX,long,2009-10-28,2009-10-29,2009-10-30,1,1043.69,1011.4674546181001,1033.4519221453786,-0.3821926427849629,-0.011787903362020184,stop,0.015436837270597569,2005-2009,trailing_2ATR|stop2.0|conf0
SPX,long,2009-11-02,2009-11-03,2009-11-27,17,1040.92,1004.541045115148,1084.0188594346869,1.1263083479155513,0.03932385542372561,stop,0.017474424011860692,2005-2009,trailing_2ATR|stop2.0|conf0
SPX,long,2010-01-21,2010-01-22,2010-01-27,3,1115.49,1089.431541077496,1089.431541077496,-1.084614425881238,-0.025311876680439393,stop,0.011680274553113046,2010-2014,trailing_2ATR|stop2.0|conf0
SPX,long,2010-01-28,2010-01-29,2010-02-04,4,1087.61,1058.5571088893143,1074.8158886137992,-0.5148037494042494,-0.01373800873395351,stop,0.013356300103293257,2010-2014,trailing_2ATR|stop2.0|conf0
SPX,long,2010-02-05,2010-02-08,2010-04-07,40,1065.51,1031.9073223251635,1182.45,3.413181565762174,0.10753297720102363,temps,0.01576835396891463,2010-2014,trailing_2ATR|stop2.0|conf0
SPX,long,2010-05-04,2010-05-05,2010-05-06,1,1169.24,1137.4825943007445,1143.9181232792628,-0.87019182567121,-0.023611429147651335,stop,0.01358036232905796,2010-2014,trailing_2ATR|stop2.0|conf0
SPX,long,2010-05-07,2010-05-10,2010-05-17,5,1122.27,1075.2936369091603,1124.9777518159758,0.009802888811751695,0.00040992276380892064,stop,0.020929171719300938,2010-2014,trailing_2ATR|stop2.0|conf0
SPX,long,2010-05-18,2010-05-19,2010-05-20,1,1119.57,1068.7435534765666,1073.701156799669,-0.9456123267435506,-0.0428861976087905,stop,0.02269909274249637,2010-2014,trailing_2ATR|stop2.0|conf0
SPX,short,2010-09-10,2010-09-13,2010-09-20,5,1113.38,1144.908332399275,1141.6330835394554,-0.9676406679757109,-0.027428762200015108,stop,0.014158837234041764,2010-2014,trailing_2ATR|stop2.0|conf0
SPX,long,2010-11-16,2010-11-17,2011-01-14,40,1178.33,1149.075322519847,1293.24,3.8434342705121725,0.09532652473933793,temps,0.01241361820549119,2010-2014,trailing_2ATR|stop2.0|conf0
SPX,long,2011-03-10,2011-03-11,2011-03-15,2,1293.43,1261.8596823385421,1276.6975621715035,-0.6114149878901332,-0.014908639902089321,stop,0.012204107551803274,2010-2014,trailing_2ATR|stop2.0|conf0
SPX,long,2011-03-16,2011-03-17,2011-04-12,18,1261.61,1224.6939264179273,1312.5051697134552,1.3089434995385867,0.03826284015026841,stop,0.014630540968315293,2010-2014,trailing_2ATR|stop2.0|conf0
SPX,long,2011-05-23,2011-05-24,2011-06-01,5,1317.7,1288.8061531028573,1317.6627765291605,-0.0924967262712561,-0.002026194377352631,stop,0.010963742466852415,2010-2014,trailing_2ATR|stop2.0|conf0
SPX,long,2011-06-02,2011-06-03,2011-06-08,3,1312.94,1283.2446389460617,1283.6102083689862,-1.0751289328118327,-0.024292387612526674,stop,0.011308727380511783,2010-2014,trailing_2ATR|stop2.0|conf0
SPX,long,2011-06-09,2011-06-10,2011-06-15,3,1288.6,1259.8944143589727,1262.49935435374,-0.9981243845331366,-0.022212573241296635,stop,0.01113828404509831,2010-2014,trailing_2ATR|stop2.0|conf0
SPX,long,2011-06-16,2011-06-17,2011-06-23,4,1268.58,1236.9756677846024,1267.8651162951903,-0.10287604873109119,-0.002560406706998747,stop,0.01245657830621542,2010-2014,trailing_2ATR|stop2.0|conf0
SPX,long,2011-06-24,2011-06-27,2011-07-11,9,1268.44,1236.3266053769753,1325.721200427741,1.7029354843758453,0.04307054872165246,stop,0.012658617917688143,2010-2014,trailing_2ATR|stop2.0|conf0
SPX,long,2011-07-27,2011-07-28,2011-07-29,1,1304.84,1272.138547839658,1283.5029372796826,-0.7316312908761902,-0.018317574686125097,stop,0.012530828362229036,2010-2014,trailing_2ATR|stop2.0|conf0
SPX,long,2011-08-01,2011-08-02,2011-08-03,1,1286.56,1250.7738591850323,1250.7738591850323,-1.070902695887331,-0.02975779558253627,stop,0.01390768437343288,2010-2014,trailing_2ATR|stop2.0|conf0
SPX,short,2011-10-10,2011-10-11,2011-10-24,9,1194.6,1259.5153916676265,1243.9941544366252,-0.7984662382759805,-0.04343264123914788,stop,0.027170346420402933,2010-2014,trailing_2ATR|stop2.0|conf0
SPX,short,2011-10-26,2011-10-27,2011-11-08,8,1243.97,1298.8542191316567,1270.3672176518623,-0.5267735485160274,-0.02326462484214161,stop,0.022060105602087123,2010-2014,trailing_2ATR|stop2.0|conf0
SPX,short,2011-11-30,2011-12-01,2011-12-22,15,1246.91,1299.9441010455232,1248.089499697124,-0.06928559406836918,-0.0029498338887290853,stop,0.02126621049054187,2010-2014,trailing_2ATR|stop2.0|conf0
SPX,long,2012-04-09,2012-04-10,2012-04-23,9,1382.18,1355.4209281893736,1362.8952427226657,-0.8232659441987291,-0.015922546047086206,stop,0.009680024240918853,2010-2014,trailing_2ATR|stop2.0|conf0
SPX,long,2012-05-04,2012-05-07,2012-05-09,2,1368.79,1338.4862639888395,1344.3465308467798,-0.8961471177700706,-0.019820042671161178,stop,0.011069534410377186,2010-2014,trailing_2ATR|stop2.0|conf0
SPX,long,2012-05-10,2012-05-11,2012-05-15,2,1358.11,1327.403920652469,1334.7514977487212,-0.8484106177860882,-0.019162909050531068,stop,0.011304709982082094,2010-2014,trailing_2ATR|stop2.0|conf0
SPX,long,2012-05-16,2012-05-17,2012-05-18,1,1324.82,1293.3861007849637,1294.0999507288948,-1.0606055899640445,-0.025139765068670144,stop,0.011863460400294495,2010-2014,trailing_2ATR|stop2.0|conf0
SPX,long,2012-05-21,2012-05-22,2012-05-31,6,1316.09,1282.5621003733838,1301.611386222881,-0.509913097859841,-0.012977255299724337,stop,0.012737692569131358,2010-2014,trailing_2ATR|stop2.0|conf0
SPX,long,2012-10-12,2012-10-15,2012-10-19,4,1428.75,1404.047805659447,1439.34983567887,0.3129979359970562,0.005406132515387497,stop,0.008644687433264369,2010-2014,trailing_2ATR|stop2.0|conf0
SPX,long,2012-10-23,2012-10-24,2012-11-07,8,1413.2,1384.5325470067337,1405.0032677906745,-0.3842313957819464,-0.007786535200658435,stop,0.01014274447822895,2010-2014,trailing_2ATR|stop2.0|conf0
SPX,long,2012-12-28,2012-12-31,2013-02-21,35,1402.43,1374.0387326882856,1509.4488816343655,3.6668670549192317,0.07415913789135874,stop,0.010122169132047385,2010-2014,trailing_2ATR|stop2.0|conf0
SPX,long,2013-02-25,2013-02-26,2013-03-19,15,1487.85,1460.651644844833,1540.2372939966724,1.8147864612062556,0.03314171240774963,stop,0.00914015362945418,2010-2014,trailing_2ATR|stop2.0|conf0
SPX,long,2013-04-18,2013-04-19,2013-05-23,24,1541.61,1507.3532808362081,1651.62,3.118126096351396,0.06921988047564566,gap_stop,0.011110695689503791,2010-2014,trailing_2ATR|stop2.0|conf0
SPX,long,2013-06-05,2013-06-06,2013-06-12,4,1609.29,1573.2713936792943,1612.6102849538665,0.0027314957174294787,6.107437598584197e-05,stop,0.011190837673975973,2010-2014,trailing_2ATR|stop2.0|conf0
SPX,long,2013-06-20,2013-06-21,2013-08-13,36,1588.62,1546.04587169328,1683.9267390418984,2.161739910205757,0.05787554610467199,stop,0.013399720608679196,2010-2014,trailing_2ATR|stop2.0|conf0
SPX,long,2013-08-15,2013-08-16,2013-08-27,7,1661.22,1633.6139780156889,1642.0585745954813,-0.8137609972157837,-0.013509506096360806,stop,0.008308960277480147,2010-2014,trailing_2ATR|stop2.0|conf0
SPX,long,2013-08-28,2013-08-29,2013-09-23,16,1633.5,1604.1931076869203,1701.34409817847,2.2011632414365874,0.039451979963893845,stop,0.008970582281322262,2010-2014,trailing_2ATR|stop2.0|conf0
SPX,long,2013-10-08,2013-10-09,2013-11-07,21,1656.99,1626.5328440483463,1748.5105781664035,2.893082917134722,0.05312467216923444,stop,0.009190506868373867,2010-2014,trailing_2ATR|stop2.0|conf0
SPX,long,2013-12-12,2013-12-13,2014-01-06,14,1777.98,1752.1929185666415,1825.8407987486848,1.7162461003704335,0.02486685181202913,stop,0.007251791761819182,2010-2014,trailing_2ATR|stop2.0|conf0
SPX,long,2014-01-24,2014-01-27,2014-02-03,5,1791.03,1760.3004598401978,1765.075161482088,-0.9603444609300633,-0.016460618871362697,stop,0.008578734069167468,2010-2014,trailing_2ATR|stop2.0|conf0
SPX,long,2014-02-04,2014-02-05,2014-03-13,25,1753.38,1715.3030830088003,1851.13705541957,2.47269332193861,0.05364409305699068,stop,0.01085814740421354,2010-2014,trailing_2ATR|stop2.0|conf0
SPX,long,2014-04-07,2014-04-08,2014-04-10,2,1845.48,1808.7310646379563,1835.5030098153807,-0.3716562958866296,-0.007393376718018508,stop,0.009956470772385458,2010-2014,trailing_2ATR|stop2.0|conf0
SPX,long,2014-04-11,2014-04-14,2014-05-15,22,1818.18,1777.8549931571395,1870.693476114253,1.210777293315776,0.026826731572961747,stop,0.011089387971174649,2010-2014,trailing_2ATR|stop2.0|conf0
SPX,long,2014-07-31,2014-08-01,2014-08-07,4,1929.8,1899.5797919489917,1910.9768614254062,-0.7499589479253345,-0.011732445933183252,stop,0.007829880829880903,2010-2014,trailing_2ATR|stop2.0|conf0
SPX,long,2014-09-25,2014-09-26,2014-10-01,3,1966.22,1934.2303416508048,1953.7538886757472,-0.5122307038749757,-0.008325475021834196,stop,0.008134811554453497,2010-2014,trailing_2ATR|stop2.0|conf0
SPX,long,2014-10-02,2014-10-03,2014-10-07,2,1948.12,1911.9119133816123,1940.5279253137371,-0.3170762026885464,-0.005887344392654505,stop,0.00929308426030932,2010-2014,trailing_2ATR|stop2.0|conf0
SPX,long,2014-10-09,2014-10-10,2014-10-13,1,1925.63,1880.178422709286,1890.3563925157655,-0.8600272247259547,-0.02027935965549803,stop,0.011801742102770008,2010-2014,trailing_2ATR|stop2.0|conf0
SPX,long,2014-12-10,2014-12-11,2014-12-12,1,2027.92,1994.0838581151725,2019.9121539640887,-0.3562958871289345,-0.0059389100927649185,stop,0.00834257315003247,2010-2014,trailing_2ATR|stop2.0|conf0
SPX,long,2014-12-15,2014-12-16,2015-01-02,11,1986.71,1946.4168572445458,2055.5683148454987,1.6086120887624162,0.03259221791072078,stop,0.010140670443963705,2010-2014,trailing_2ATR|stop2.0|conf0
SPX,long,2015-01-05,2015-01-06,2015-01-13,5,2022.15,1979.0065297797232,2015.9105322531932,-0.23821746898397558,-0.005077398322598145,stop,0.01066772252807084,2015-2018,trailing_2ATR|stop2.0|conf0
SPX,long,2015-01-14,2015-01-15,2015-01-28,8,2013.75,1960.2123066181725,2012.464348194038,-0.09921731435592591,-0.002635163051302987,stop,0.013293033738504626,2015-2018,trailing_2ATR|stop2.0|conf0
SPX,long,2015-01-30,2015-02-02,2015-03-06,23,1996.67,1939.6100934186256,2085.89464084414,1.492152393938342,0.04259943765575279,stop,0.014288767443136428,2015-2018,trailing_2ATR|stop2.0|conf0
SPX,long,2015-03-10,2015-03-11,2015-03-25,10,2044.69,2006.8909751948165,2074.5903309806245,0.6820559732035327,0.012596185903139177,stop,0.009243216527978215,2015-2018,trailing_2ATR|stop2.0|conf0
SPX,long,2015-03-26,2015-03-27,2015-04-17,14,2055.78,2013.1389078353345,2075.7129806873777,0.3705694883627797,0.007678692274798671,stop,0.01037102514974019,2015-2018,trailing_2ATR|stop2.0|conf0
SPX,long,2015-06-08,2015-06-09,2015-06-15,4,2079.07,2045.9509865892446,2081.6790552246975,-0.04685205477839919,-0.000745594754789601,stop,0.007964862513228383,2015-2018,trailing_2ATR|stop2.0|conf0
SPX,long,2015-06-29,2015-06-30,2015-07-07,4,2061.19,2024.3510844536897,2048.737428041092,-0.4495924796192335,-0.008027379054582872,stop,0.008936322111573957,2015-2018,trailing_2ATR|stop2.0|conf0
SPX,long,2015-07-24,2015-07-27,2015-08-06,8,2078.19,2040.6611893841255,2078.123443966534,-0.11252340290384472,-0.0020299639718242973,stop,0.009029205851215359,2015-2018,trailing_2ATR|stop2.0|conf0
SPX,short,2015-10-05,2015-10-06,2015-10-16,8,1986.63,2056.618753753867,2028.6299900623105,-0.6574663440100226,-0.023185651763909968,stop,0.017614944341388914,2015-2018,trailing_2ATR|stop2.0|conf0
SPX,short,2015-10-19,2015-10-20,2015-10-23,3,2033.13,2085.632783588519,2067.11403278806,-0.7253763366019994,-0.018750595987500798,stop,0.012911811735727443,2015-2018,trailing_2ATR|stop2.0|conf0
SPX,short,2016-02-22,2016-02-23,2016-02-26,3,1942.38,2010.329099551554,1957.8375407123774,-0.2848861630374148,-0.009975975549829586,stop,0.01749119625190588,2015-2018,trailing_2ATR|stop2.0|conf0
SPX,short,2016-03-01,2016-03-02,2016-03-14,8,1976.6,2042.3286432015645,2024.1808408676313,-0.7847662631695829,-0.026122257899151145,stop,0.016626693109775527,2015-2018,trailing_2ATR|stop2.0|conf0
SPX,short,2016-03-15,2016-03-16,2016-03-29,8,2014.24,2067.2716226577577,2052.8219155587863,-0.8042178484633995,-0.02119492669368508,stop,0.013164176726149225,2015-2018,trailing_2ATR|stop2.0|conf0
SPX,long,2016-05-04,2016-05-05,2016-05-13,6,2052.95,2014.5868875340102,2047.3986283022405,-0.2515885627011637,-0.004696694146381359,stop,0.009343411302269821,2015-2018,trailing_2ATR|stop2.0|conf0
SPX,long,2016-06-24,2016-06-27,2016-08-23,40,2031.45,1985.4320934913799,2186.9,3.2863652754753443,0.07437080382513457,temps,0.011326369467282028,2015-2018,trailing_2ATR|stop2.0|conf0
SPX,long,2016-09-09,2016-09-12,2016-09-13,1,2120.86,2088.8751330858336,2127.288337865417,0.06816315770210553,0.0010269473308163468,stop,0.00754054178827608,2015-2018,trailing_2ATR|stop2.0|conf0
SPX,long,2016-09-14,2016-09-15,2016-09-27,8,2125.36,2086.104740302324,2141.900978777263,0.3126642873594973,0.005769119745428428,stop,0.009234967181483669,2015-2018,trailing_2ATR|stop2.0|conf0
SPX,long,2016-10-11,2016-10-12,2016-10-28,12,2137.67,2097.812031172668,2122.003292211441,-0.499934684757591,-0.009312229954185637,stop,0.009322760020801159,2015-2018,trailing_2ATR|stop2.0|conf0
SPX,long,2016-11-01,2016-11-02,2016-12-28,38,2109.43,2074.723966103694,2249.9253521175856,3.922545490856496,0.0644723914842869,stop,0.008226400946299752,2015-2018,trailing_2ATR|stop2.0|conf0
SPX,long,2017-03-21,2017-03-22,2017-03-27,3,2343.0,2312.370973884253,2328.0741560532592,-0.6398152533070222,-0.008355672540346554,stop,0.006536283848857622,2015-2018,trailing_2ATR|stop2.0|conf0
SPX,long,2017-04-13,2017-04-17,2017-05-17,22,2332.62,2300.107011993672,2380.204732414247,1.3186086641279808,0.018360932600779246,stop,0.006969199442328322,2015-2018,trailing_2ATR|stop2.0|conf0
SPX,long,2017-05-18,2017-05-19,2017-06-15,18,2371.37,2340.140151928611,2419.1927955584974,1.3779200162796497,0.018128442005853066,stop,0.006584769156940728,2015-2018,trailing_2ATR|stop2.0|conf0
SPX,long,2017-07-06,2017-07-07,2017-08-09,23,2413.52,2380.5337868457646,2465.35,1.423356169453839,0.019433949490464616,gap_stop,0.006833631615697275,2015-2018,trailing_2ATR|stop2.0|conf0
SPX,long,2017-08-10,2017-08-11,2017-08-17,4,2441.04,2412.912121332852,2446.984672464275,0.03756585430116687,0.0004324354371953605,stop,0.005761453861294352,2015-2018,trailing_2ATR|stop2.0|conf0
SPX,long,2017-08-18,2017-08-21,2017-09-05,10,2425.5,2393.553059420727,2449.309792033138,0.5927009565789207,0.007798831653238533,stop,0.0065856401936246175,2015-2018,trailing_2ATR|stop2.0|conf0
SPX,long,2018-02-02,2018-02-05,2018-02-05,0,2741.06,2693.030410564998,2693.030410564998,-1.1131404718318205,-0.019485261021645182,stop,0.008761134275609097,2015-2018,trailing_2ATR|stop2.0|conf0
SPX,long,2018-02-06,2018-02-07,2018-02-08,1,2690.95,2617.501629517779,2652.8479416950804,-0.5915155906301676,-0.016129045055768967,stop,0.01364729379628406,2015-2018,trailing_2ATR|stop2.0|conf0
SPX,long,2018-02-09,2018-02-12,2018-03-01,12,2636.75,2543.204959930962,2703.33411268262,0.6547009710481547,0.023203885739722555,stop,0.01773870106552345,2015-2018,trailing_2ATR|stop2.0|conf0
SPX,long,2018-03-22,2018-03-23,2018-04-02,5,2646.71,2569.8468919691477,2584.330212711652,-0.8796265104700256,-0.025519714746550404,stop,0.014520500551789264,2015-2018,trailing_2ATR|stop2.0|conf0
SPX,long,2018-04-03,2018-04-04,2018-04-24,14,2584.04,2487.174794944424,2638.0427424483178,0.5035932115962798,0.018858813245186484,stop,0.01874297709315181,2015-2018,trailing_2ATR|stop2.0|conf0
SPX,long,2018-06-25,2018-06-26,2018-06-28,2,2722.12,2673.9208719943417,2695.561466158387,-0.6634189586172097,-0.011735070840644275,stop,0.008853233510215974,2015-2018,trailing_2ATR|stop2.0|conf0
SPX,long,2018-10-10,2018-10-11,2018-10-11,0,2776.87,2722.994402888706,2722.994402888706,-1.1020845187391044,-0.021360793039938205,stop,0.009700777694183286,2015-2018,trailing_2ATR|stop2.0|conf0
SPX,long,2018-10-12,2018-10-15,2018-10-23,6,2763.83,2699.3781841234254,2721.03,-0.7491621352060187,-0.017452818507876076,gap_stop,0.011659873414170633,2015-2018,trailing_2ATR|stop2.0|conf0
