seuil,stop_atr,trail_atr,max_bars,IS_n,IS_esp,OOS_n,OOS_esp,OOS_wr,tot_n,tot_esp,tot_wr,tot_t,R_par_an,dd_seq_%
1.0,1.0,2.0,40,438,0.4157,497,0.2332,32.0,935,0.3187,33.6,3.88,32.7,-30.4
1.0,1.0,3.0,40,320,1.146,378,0.4393,25.1,698,0.7633,26.8,3.89,58.5,-30.1
1.0,1.0,4.0,40,286,1.2882,320,1.063,23.1,606,1.1693,24.6,4.33,77.9,-29.4
1.0,1.0,5.0,40,276,1.3936,310,1.2859,21.6,586,1.3366,21.5,4.47,86.1,-33.8
1.0,1.0,6.0,40,270,1.4811,305,1.3145,21.0,575,1.3927,21.4,4.56,88.0,-30.4
1.0,1.0,0.0,40,253,2.3565,304,1.2784,20.4,557,1.7681,20.6,3.97,108.2,-32.6
1.0,1.25,2.0,40,407,0.3679,469,0.1982,35.0,876,0.2771,37.0,3.89,26.7,-24.9
1.0,1.25,3.0,40,290,1.0288,346,0.4211,28.6,636,0.6982,30.3,3.99,48.8,-19.9
1.0,1.25,4.0,40,257,1.1467,287,1.0034,26.8,544,1.0711,28.5,4.41,64.0,-22.6
1.0,1.25,5.0,40,250,1.168,276,1.2393,25.7,526,1.2054,25.1,4.42,69.7,-20.3
1.0,1.25,6.0,40,244,1.2436,269,1.2922,25.3,513,1.2691,25.1,4.57,71.5,-21.2
1.0,1.25,0.0,40,228,2.0886,269,1.2223,25.3,497,1.6197,25.2,4.06,88.5,-19.0
1.0,1.5,2.0,40,379,0.3818,446,0.1832,37.0,825,0.2745,39.8,4.29,24.9,-21.0
1.0,1.5,3.0,40,262,1.0205,315,0.4225,33.0,577,0.6941,34.7,4.27,44.0,-17.0
1.0,1.5,4.0,40,228,1.1765,255,0.9837,32.5,483,1.0747,33.7,4.84,57.0,-16.7
1.0,1.5,5.0,40,214,1.2633,245,1.215,31.4,459,1.2375,31.2,4.88,62.4,-15.9
1.0,1.5,6.0,40,205,1.3561,240,1.2537,31.2,445,1.3008,31.9,5.03,63.6,-16.3
1.0,1.5,0.0,40,194,2.2828,240,1.1909,31.2,434,1.679,31.6,4.41,80.1,-15.6
1.0,2.0,2.0,40,362,0.328,432,0.1548,38.2,794,0.2337,41.3,4.64,20.4,-14.4
1.0,2.0,3.0,40,237,0.9009,297,0.3017,35.4,534,0.5677,37.8,4.17,33.3,-12.1
1.0,2.0,4.0,40,198,1.1265,231,0.7908,36.8,429,0.9458,39.2,4.99,44.6,-11.8
1.0,2.0,5.0,40,184,1.2006,223,0.9805,37.2,407,1.08,39.6,4.95,48.3,-11.5
1.0,2.0,6.0,40,175,1.2642,217,1.0307,37.8,392,1.135,40.1,5.15,48.9,-11.3
1.0,2.0,0.0,40,168,1.9663,217,0.971,37.8,385,1.4053,39.2,4.42,59.5,-11.1
1.0,2.5,2.0,40,360,0.2672,430,0.128,38.4,790,0.1914,41.6,4.73,16.6,-11.8
1.0,2.5,3.0,40,226,0.7716,283,0.2665,36.7,509,0.4908,39.3,4.3,27.5,-9.8
1.0,2.5,4.0,40,180,1.0871,213,0.7218,41.3,393,0.8891,43.5,5.32,38.4,-8.7
1.0,2.5,5.0,40,168,1.123,203,0.8981,42.4,371,0.9999,45.0,5.22,40.8,-9.5
1.0,2.5,6.0,40,161,1.1534,198,0.9351,43.4,359,1.033,46.2,5.36,40.8,-9.3
1.0,2.5,0.0,40,156,1.6523,198,0.8729,42.9,354,1.2164,44.6,4.42,47.3,-9.2
1.5,1.0,2.0,40,348,0.4823,389,0.2812,30.6,737,0.3762,33.6,3.98,30.5,-19.3
1.5,1.0,3.0,40,260,1.1958,292,0.6294,27.1,552,0.8962,29.2,4.06,54.4,-25.2
1.5,1.0,4.0,40,231,1.352,257,1.2337,24.9,488,1.2897,26.2,4.27,69.2,-28.7
1.5,1.0,5.0,40,215,1.6241,250,1.51,22.4,465,1.5627,23.7,4.55,79.9,-25.7
1.5,1.0,6.0,40,211,1.676,246,1.6044,21.5,457,1.6375,23.0,4.7,82.2,-23.3
1.5,1.0,0.0,40,198,2.5786,246,1.5338,20.7,444,1.9997,21.8,4.14,97.6,-23.8
1.5,1.25,2.0,40,325,0.4236,362,0.2646,34.3,687,0.3398,37.3,4.11,25.7,-16.5
1.5,1.25,3.0,40,240,1.0427,266,0.6046,31.2,506,0.8124,33.0,4.15,45.2,-19.9
1.5,1.25,4.0,40,212,1.2023,230,1.1892,28.7,442,1.1955,29.6,4.41,58.1,-27.6
1.5,1.25,5.0,40,197,1.4349,223,1.4404,26.5,420,1.4378,27.1,4.69,66.4,-24.6
1.5,1.25,6.0,40,193,1.4675,219,1.5598,25.6,412,1.5166,26.7,4.83,68.7,-23.3
1.5,1.25,0.0,40,181,2.3348,219,1.4977,24.7,400,1.8765,26.0,4.34,82.5,-24.3
1.5,1.5,2.0,40,311,0.3679,349,0.2294,36.1,660,0.2947,38.9,4.07,21.4,-15.2
1.5,1.5,3.0,40,228,0.9455,247,0.565,35.2,475,0.7476,36.0,4.2,39.0,-19.4
1.5,1.5,4.0,40,198,1.1079,206,1.1935,34.0,404,1.1516,34.7,4.61,51.1,-15.3
1.5,1.5,5.0,40,185,1.2386,197,1.4622,32.5,382,1.3539,32.5,4.85,56.8,-14.4
1.5,1.5,6.0,40,181,1.3261,193,1.5772,31.6,374,1.4557,32.6,5.02,59.8,-14.4
1.5,1.5,0.0,40,170,2.1003,193,1.5132,30.6,363,1.7881,31.7,4.49,71.3,-13.6
1.5,2.0,2.0,40,295,0.3276,339,0.184,37.5,634,0.2509,41.0,4.42,17.5,-9.7
1.5,2.0,3.0,40,202,0.8792,235,0.4069,37.9,437,0.6252,40.5,4.29,30.0,-10.7
1.5,2.0,4.0,40,171,1.1703,192,0.8727,37.0,363,1.0129,39.9,4.83,40.4,-10.8
1.5,2.0,5.0,40,156,1.369,184,1.0825,37.0,340,1.214,40.6,5.21,45.4,-11.9
1.5,2.0,6.0,40,151,1.4659,181,1.1384,36.5,332,1.2873,41.0,5.39,47.0,-11.5
1.5,2.0,0.0,40,140,2.2428,181,1.1001,35.9,321,1.5985,39.9,4.74,56.4,-11.2
1.5,2.5,2.0,40,292,0.277,337,0.1523,38.0,629,0.2102,41.7,4.6,14.5,-7.8
1.5,2.5,3.0,40,188,0.8157,222,0.3739,40.1,410,0.5765,43.2,4.63,26.0,-8.6
1.5,2.5,4.0,40,156,1.1586,174,0.8637,42.0,330,1.0031,44.5,5.38,36.4,-8.6
1.5,2.5,5.0,40,143,1.2645,164,1.098,43.9,307,1.1755,46.9,5.66,39.7,-8.2
1.5,2.5,6.0,40,137,1.3867,161,1.1642,44.7,298,1.2665,48.3,5.89,41.5,-8.5
1.5,2.5,0.0,40,128,1.982,161,1.133,43.5,289,1.509,46.7,5.04,47.9,-7.0
2.0,1.0,2.0,40,276,0.4172,260,0.4566,34.6,536,0.4363,34.5,3.91,25.7,-19.4
2.0,1.0,3.0,40,217,1.0667,214,0.7429,29.0,431,0.9059,29.0,3.46,42.9,-25.9
2.0,1.0,4.0,40,194,1.3723,192,1.364,26.0,386,1.3682,25.4,3.71,58.0,-26.7
2.0,1.0,5.0,40,185,1.5176,183,1.8281,25.7,368,1.672,23.9,4.07,67.6,-29.4
2.0,1.0,6.0,40,183,1.4016,180,1.9324,24.4,363,1.6648,22.3,4.07,66.4,-29.9
2.0,1.0,0.0,40,178,2.1764,180,1.8528,23.3,358,2.0137,20.9,3.56,79.2,-29.9
2.0,1.25,2.0,40,259,0.3797,246,0.411,37.8,505,0.3949,38.2,4.07,21.9,-15.0
2.0,1.25,3.0,40,199,0.9697,197,0.7306,33.0,396,0.8507,33.8,3.67,37.0,-21.4
2.0,1.25,4.0,40,179,1.1637,176,1.2648,30.1,355,1.2138,28.5,3.76,47.4,-24.5
2.0,1.25,5.0,40,169,1.3321,170,1.6083,30.0,339,1.4706,27.7,4.1,54.8,-26.5
2.0,1.25,6.0,40,167,1.2242,167,1.7081,28.7,334,1.4662,26.3,4.09,53.8,-25.6
2.0,1.25,0.0,40,160,2.0039,167,1.6576,28.1,327,1.8271,25.7,3.68,65.7,-25.7
2.0,1.5,2.0,40,252,0.3127,240,0.3391,39.2,492,0.3256,39.4,3.87,17.6,-15.8
2.0,1.5,3.0,40,194,0.8186,188,0.656,37.2,382,0.7385,36.6,3.56,31.0,-19.2
2.0,1.5,4.0,40,173,1.0061,167,1.1854,33.5,340,1.0942,31.2,3.72,40.9,-21.4
2.0,1.5,5.0,40,163,1.1493,160,1.4937,32.5,323,1.3199,30.0,4.04,46.9,-23.9
2.0,1.5,6.0,40,159,1.1006,157,1.5963,31.8,316,1.3469,29.4,4.09,46.8,-24.0
2.0,1.5,0.0,40,152,1.8091,157,1.5481,31.2,309,1.6765,29.1,3.74,56.9,-22.3
2.0,2.0,2.0,40,238,0.3086,234,0.2662,40.6,472,0.2875,42.6,4.36,14.9,-10.1
2.0,2.0,3.0,40,171,0.8094,178,0.5048,40.4,349,0.6541,43.0,3.83,25.1,-10.7
2.0,2.0,4.0,40,148,1.0449,153,0.9961,37.9,301,1.0201,37.9,4.08,33.7,-15.3
2.0,2.0,5.0,40,135,1.379,142,1.4629,38.7,277,1.422,40.8,4.71,43.3,-15.7
2.0,2.0,6.0,40,131,1.3632,141,1.5206,36.9,272,1.4448,40.1,4.73,43.2,-17.1
2.0,2.0,0.0,40,124,2.0714,141,1.5085,36.9,265,1.7719,40.0,4.37,51.6,-14.3
2.0,2.5,2.0,40,235,0.2606,234,0.2155,40.6,469,0.2381,42.9,4.49,12.3,-8.1
2.0,2.5,3.0,40,161,0.7545,171,0.449,43.9,332,0.5971,46.1,4.16,21.8,-7.3
2.0,2.5,4.0,40,133,1.1937,141,0.991,44.7,274,1.0894,43.4,4.87,32.8,-10.9
2.0,2.5,5.0,40,122,1.357,133,1.2632,45.9,255,1.3081,47.8,5.36,36.7,-7.3
2.0,2.5,6.0,40,118,1.3597,131,1.333,45.8,249,1.3457,49.0,5.47,36.8,-8.1
2.0,2.5,0.0,40,112,1.9059,131,1.2989,45.8,243,1.5787,48.6,4.7,42.2,-9.0
2.5,1.0,2.0,40,202,0.3029,183,0.4325,39.3,385,0.3645,36.9,2.98,15.4,-17.0
2.5,1.0,3.0,40,167,0.9889,154,0.6925,31.2,321,0.8467,29.0,2.91,29.9,-25.7
2.5,1.0,4.0,40,155,1.2593,137,1.5353,25.5,292,1.3888,23.3,3.43,44.6,-24.3
2.5,1.0,5.0,40,150,1.0319,130,2.3008,30.0,280,1.621,23.9,3.75,49.9,-23.8
2.5,1.0,6.0,40,150,0.85,129,2.3312,29.5,279,1.5349,21.9,3.66,47.1,-21.1
2.5,1.0,0.0,40,144,1.9864,129,2.2403,27.9,273,2.1064,20.5,3.06,63.2,-21.1
2.5,1.25,2.0,40,194,0.2494,176,0.3592,42.0,370,0.3016,40.0,2.9,12.3,-16.5
2.5,1.25,3.0,40,157,0.8558,145,0.688,33.8,302,0.7752,33.1,3.05,25.7,-23.7
2.5,1.25,4.0,40,144,1.0694,128,1.4093,28.9,272,1.2294,26.1,3.49,36.7,-20.0
2.5,1.25,5.0,40,139,0.8724,122,2.0464,33.6,261,1.4212,27.6,3.78,40.8,-21.8
2.5,1.25,6.0,40,139,0.7057,121,2.0776,33.1,260,1.3441,25.4,3.68,38.4,-19.8
2.5,1.25,0.0,40,132,1.7042,121,2.0093,31.4,253,1.8501,23.7,3.1,51.4,-20.2
2.5,1.5,2.0,40,188,0.2372,174,0.2715,42.5,362,0.2537,42.0,2.82,10.1,-16.3
2.5,1.5,3.0,40,151,0.7343,141,0.5808,36.9,292,0.6602,36.3,3.0,21.2,-21.8
2.5,1.5,4.0,40,137,0.9349,122,1.5115,32.8,259,1.2065,29.7,3.53,34.3,-18.6
2.5,1.5,5.0,40,132,0.9337,116,2.0888,37.1,248,1.474,31.5,3.97,40.2,-20.4
2.5,1.5,6.0,40,132,0.8095,115,2.1173,36.5,247,1.4184,30.0,3.9,38.5,-19.7
2.5,1.5,0.0,40,125,1.7051,115,2.053,34.8,240,1.8718,28.3,3.39,49.4,-19.7
2.5,2.0,2.0,40,178,0.2652,171,0.2387,43.9,349,0.2522,45.6,3.48,9.7,-11.5
2.5,2.0,3.0,40,139,0.685,139,0.4233,38.1,278,0.5541,41.0,3.16,16.9,-16.8
2.5,2.0,4.0,40,123,0.8071,120,1.1114,35.0,243,0.9574,34.6,3.7,25.6,-16.2
2.5,2.0,5.0,40,117,0.9433,114,1.5223,38.6,231,1.229,38.5,4.24,31.2,-17.2
2.5,2.0,6.0,40,116,0.8883,113,1.5613,38.1,229,1.2204,37.6,4.2,30.7,-18.1
2.5,2.0,0.0,40,109,1.5978,113,1.5041,36.3,222,1.5501,35.1,3.56,37.8,-17.7
2.5,2.5,2.0,40,176,0.23,171,0.1928,43.9,347,0.2117,45.8,3.63,8.1,-7.1
2.5,2.5,3.0,40,134,0.5909,135,0.3495,40.7,269,0.4698,43.1,3.23,13.9,-11.5
2.5,2.5,4.0,40,114,0.8263,115,1.0029,40.9,229,0.915,39.7,4.09,23.0,-10.8
2.5,2.5,5.0,40,106,1.0645,110,1.3319,43.6,216,1.2007,45.4,4.79,28.5,-9.2
2.5,2.5,6.0,40,105,1.0043,109,1.3711,44.0,214,1.1912,44.9,4.73,28.0,-10.2
2.5,2.5,0.0,40,99,1.561,109,1.3293,43.1,208,1.4396,43.3,3.88,32.9,-10.3
3.0,1.0,2.0,40,143,0.1506,132,0.299,37.9,275,0.2218,35.6,1.7,6.7,-19.5
3.0,1.0,3.0,40,120,0.9744,115,0.4902,32.2,235,0.7375,26.8,2.39,19.0,-26.6
3.0,1.0,4.0,40,114,0.9449,102,1.3388,25.5,216,1.1309,22.7,2.77,26.8,-27.4
3.0,1.0,5.0,40,111,0.7493,100,1.8993,28.0,211,1.2944,21.8,3.02,30.0,-22.6
3.0,1.0,6.0,40,111,0.5866,100,1.9129,28.0,211,1.2152,19.9,2.93,28.2,-21.5
3.0,1.0,0.0,40,109,0.7126,100,1.8897,28.0,209,1.2758,18.7,2.8,29.3,-30.7
3.0,1.25,2.0,40,137,0.1211,124,0.3061,43.5,261,0.209,40.6,1.84,6.0,-13.8
3.0,1.25,3.0,40,115,0.7748,106,0.6051,34.9,221,0.6934,29.4,2.52,16.8,-23.8
3.0,1.25,4.0,40,108,0.8548,92,1.3733,29.3,200,1.0933,26.0,2.98,24.0,-24.2
3.0,1.25,5.0,40,105,0.6776,90,1.8551,32.2,195,1.221,25.1,3.18,26.2,-20.2
3.0,1.25,6.0,40,105,0.5294,90,1.8676,32.2,195,1.147,23.1,3.07,24.6,-21.9
3.0,1.25,0.0,40,103,0.6356,90,1.8659,32.2,193,1.2093,21.8,2.96,25.6,-29.4
3.0,1.5,2.0,40,134,0.0917,124,0.2084,43.5,258,0.1478,42.6,1.53,4.2,-13.3
3.0,1.5,3.0,40,109,0.7573,105,0.4794,37.1,214,0.621,33.2,2.45,14.6,-20.8
3.0,1.5,4.0,40,101,0.908,92,1.0979,30.4,193,0.9985,29.5,3.01,21.2,-22.0
3.0,1.5,5.0,40,98,0.9199,90,1.5334,34.4,188,1.2136,28.7,3.42,25.1,-20.2
3.0,1.5,6.0,40,98,0.7966,90,1.5419,34.4,188,1.1534,27.7,3.36,23.8,-19.7
3.0,1.5,0.0,40,96,0.9119,90,1.5405,34.4,186,1.2161,26.3,3.2,24.9,-26.4
3.0,2.0,2.0,40,127,0.2123,119,0.2502,46.2,246,0.2307,46.7,2.55,6.2,-8.6
3.0,2.0,3.0,40,102,0.7303,100,0.418,39.0,202,0.5757,36.6,2.72,12.8,-13.4
3.0,2.0,4.0,40,94,0.8442,87,1.3067,33.3,181,1.0665,34.3,2.64,21.2,-18.9
3.0,2.0,5.0,40,91,0.8482,85,1.6573,36.5,176,1.2389,33.5,2.91,24.0,-17.0
3.0,2.0,6.0,40,91,0.728,85,1.6539,36.5,176,1.1751,33.0,2.8,22.7,-14.9
3.0,2.0,0.0,40,89,0.767,85,1.6462,36.5,174,1.1965,30.5,2.71,22.9,-19.5
3.0,2.5,2.0,40,125,0.2039,118,0.2105,46.6,243,0.2071,47.7,2.84,5.5,-6.0
3.0,2.5,3.0,40,96,0.6775,97,0.3868,43.3,193,0.5314,40.4,3.01,11.3,-8.3
3.0,2.5,4.0,40,87,0.7765,82,1.4192,41.5,169,1.0883,40.2,3.07,20.2,-14.9
3.0,2.5,5.0,40,84,0.836,78,1.8511,46.2,162,1.3247,42.0,3.51,23.6,-14.3
3.0,2.5,6.0,40,84,0.7157,78,1.8663,48.7,162,1.2697,43.2,3.4,22.6,-11.5
3.0,2.5,0.0,40,81,0.8106,78,1.8266,47.4,159,1.309,41.5,3.32,22.9,-11.5
3.5,1.0,2.0,40,91,0.114,91,-0.0769,26.4,182,0.0186,29.7,0.13,0.4,-16.9
3.5,1.0,3.0,40,77,1.361,82,0.0341,25.6,159,0.6767,25.2,1.68,11.8,-18.7
3.5,1.0,4.0,40,76,1.2317,72,1.2897,23.6,148,1.2599,20.9,2.36,20.5,-15.9
3.5,1.0,5.0,40,74,1.0598,72,1.527,23.6,146,1.2902,19.2,2.42,20.7,-17.6
3.5,1.0,6.0,40,74,0.884,72,1.5393,22.2,146,1.2072,18.5,2.34,19.4,-18.3
3.5,1.0,0.0,40,72,1.1322,72,1.5562,23.6,144,1.3442,17.4,2.3,21.3,-25.3
3.5,1.25,2.0,40,87,0.1292,85,0.0079,34.1,172,0.0693,36.0,0.54,1.3,-12.2
3.5,1.25,3.0,40,74,1.1568,73,0.4268,32.9,147,0.7943,29.9,2.14,12.8,-16.7
3.5,1.25,4.0,40,73,1.0387,62,1.5986,30.6,135,1.2958,25.9,2.68,19.2,-15.9
3.5,1.25,5.0,40,71,0.8605,62,1.8057,30.6,133,1.3011,24.1,2.69,19.0,-17.2
3.5,1.25,6.0,40,71,0.6817,62,1.8209,29.0,133,1.2127,23.3,2.58,17.7,-19.4
3.5,1.25,0.0,40,69,0.8932,62,1.8641,30.6,131,1.3527,22.1,2.56,19.5,-25.1
3.5,1.5,2.0,40,84,0.1497,85,-0.0686,34.1,169,0.0399,39.1,0.36,0.7,-12.0
3.5,1.5,3.0,40,69,1.2121,72,0.3845,34.7,141,0.7895,33.3,2.18,12.2,-14.5
3.5,1.5,4.0,40,68,1.0276,62,1.2481,30.6,130,1.1327,27.7,2.54,16.2,-15.7
3.5,1.5,5.0,40,66,0.9911,62,1.4261,32.3,128,1.2018,26.6,2.7,16.9,-16.9
3.5,1.5,6.0,40,66,0.8396,62,1.4387,30.6,128,1.1298,26.6,2.64,15.9,-16.9
3.5,1.5,0.0,40,64,1.0744,62,1.4747,32.3,126,1.2714,25.4,2.58,17.6,-22.1
3.5,2.0,2.0,40,81,0.2861,80,0.0753,37.5,161,0.1814,43.5,1.6,3.2,-8.5
3.5,2.0,3.0,40,65,1.2009,68,0.4505,38.2,133,0.8172,39.1,2.73,11.9,-10.4
3.5,2.0,4.0,40,62,1.1649,58,1.8095,34.5,120,1.4765,35.0,2.54,19.5,-13.1
3.5,2.0,5.0,40,60,1.0577,57,2.1741,38.6,117,1.6016,35.9,2.67,20.6,-10.1
3.5,2.0,6.0,40,60,0.9331,57,2.1712,38.6,117,1.5363,35.9,2.6,19.8,-7.9
3.5,2.0,0.0,40,58,1.0901,57,2.1539,40.4,115,1.6174,33.0,2.56,20.4,-9.1
3.5,2.5,2.0,40,80,0.2601,79,0.0687,38.0,159,0.165,44.7,1.81,2.9,-7.3
3.5,2.5,3.0,40,62,1.0788,67,0.3423,40.3,129,0.6963,41.9,2.82,9.9,-8.2
3.5,2.5,4.0,40,59,1.003,56,1.5449,39.3,115,1.2669,39.1,2.6,16.0,-11.5
3.5,2.5,5.0,40,57,0.9809,55,1.8316,41.8,112,1.3986,42.0,2.78,17.2,-9.6
3.5,2.5,6.0,40,57,0.8712,55,1.8417,43.6,112,1.3478,43.8,2.72,16.6,-7.5
3.5,2.5,0.0,40,55,1.0547,55,1.8273,45.5,110,1.441,41.8,2.73,17.4,-7.5
