symbol,side,date_signal,date_entree,date_sortie,bars,entree,stop_initial,sortie,R,ret_pct,motif,termine,atr_pct_entree
BTC_2012,long,2012-07-18,2012-07-19,2012-07-20,1,9.0,8.215424721518325,8.408608669981302,-0.7981497308588567,-0.0694398477887183,stop,True,0.043587515471204145
BTC_2012,long,2012-07-21,2012-07-22,2012-08-04,13,8.74,7.8460962511573475,10.79,2.2496158032714204,0.2296254173575044,gap_stop,True,0.05113865840060943
BTC_2012,long,2012-08-05,2012-08-06,2012-08-10,4,10.71,9.532407880951276,11.0,0.20939338503656824,0.02297738789461208,gap_stop,True,0.054976289404702366
BTC_2012,long,2012-08-11,2012-08-12,2012-08-17,5,11.38,10.204632492818488,12.275619333008668,0.7217385959365694,0.07439497931576657,stop,True,0.05164180611518069
BTC_2012,long,2012-09-19,2012-09-20,2012-09-25,5,12.32,11.108600193166362,11.624651654670147,-0.6135362119479533,-0.06020731658753862,stop,True,0.04916395319941716
BTC_2012,long,2012-10-03,2012-10-04,2012-10-05,1,12.9,11.87571176020396,11.893160920189391,-1.0313751155254374,-0.08172998202439995,stop,True,0.03970109456573802
BTC_2012,long,2012-11-23,2012-11-24,2012-12-17,23,12.16,11.34616233517065,13.21151683131521,1.229697077073014,0.08213620437189595,stop,True,0.03346371977094371
BTC_2012,long,2013-01-10,2013-01-11,2013-01-24,13,14.0,13.333539570583286,16.51526149809669,3.6824856612243875,0.1749523078913957,stop,True,0.023802158193454097
BTC_2012,long,2013-01-25,2013-01-26,2013-02-14,19,17.49,15.877284807331787,24.005234688241643,3.988456392119129,0.36703289925952337,stop,True,0.046103922031681295
BTC_2012,long,2013-02-15,2013-02-16,2013-02-23,7,27.43,24.942013583228764,28.90704460114959,0.5483834247446937,0.04964080267999506,stop,True,0.04535155699546548
BTC_2012,long,2013-02-24,2013-02-25,2013-03-07,10,29.78,27.001125191807557,42.31,4.457134939467286,0.41508051727304285,gap_stop,True,0.0466567294861055
BTC_2012,long,2013-03-08,2013-03-09,2013-03-12,3,43.76,37.68471389341836,42.31633980460647,-0.26596490217180957,-0.03685072439679003,stop,True,0.06941597470957077
BTC_2012,long,2013-03-13,2013-03-14,2013-03-22,8,46.99,39.7237827907066,67.6834578448998,2.8163362503169678,0.4346300149054944,stop,True,0.07731663342512665
BTC_2012,long,2013-03-23,2013-03-24,2013-04-04,11,63.9,51.55823661116361,133.87,5.637319223194056,1.0866289330572034,gap_stop,True,0.096570918535496
BTC_2012,long,2013-04-05,2013-04-06,2013-04-09,3,141.8,115.56019728983586,167.18448011872061,0.9438527961526817,0.17430942880447253,stop,True,0.09252398698929534
BTC_2012,long,2013-08-19,2013-08-20,2013-08-23,3,102.85,95.10801343421376,105.37900137950064,0.2728683857548263,0.02049904446567867,stop,True,0.03763727061636478
BTC_2012,long,2013-08-24,2013-08-25,2013-09-04,10,109.15,100.34346429692526,125.36080505131349,1.7875114542162949,0.14393369414364907,stop,True,0.040341437027369406
BTC_2012,long,2013-10-13,2013-10-14,2013-10-17,3,132.82,122.45261335198764,135.72567171676485,0.2284645546412058,0.017797415057938082,stop,True,0.03902795756667805
BTC_2012,long,2013-10-18,2013-10-19,2013-10-24,5,152.89,139.40224153124356,185.1511788519293,2.3417602389151932,0.20617471639379015,stop,True,0.04410935466268697
BTC_2012,long,2013-10-25,2013-10-26,2013-11-09,14,186.6,159.93504707130637,300.18292146525823,4.223122235522534,0.6022753829015481,stop,True,0.07144949873712117
BTC_2012,long,2013-11-10,2013-11-11,2013-11-19,8,323.0,273.9807333042278,584.6413191586958,5.300488033265247,0.8028093550372267,stop,True,0.07588121779531304
BTC_2012,long,2013-11-20,2013-11-21,2013-12-01,10,600.0,451.20629049907956,979.2639822171171,2.5276972764117844,0.6255912412719276,stop,True,0.1239947579174337
BTC_2012,long,2013-12-02,2013-12-03,2013-12-05,2,1037.11,816.405066299453,936.8419704316713,-0.4721957582089778,-0.10028629332842635,stop,True,0.10640382105106834
BTC_2012,long,2014-01-05,2014-01-06,2014-01-07,1,905.0,737.0549666768466,822.0510404856433,-0.5144722644406783,-0.09528243137518105,stop,True,0.09278731122826153
BTC_2012,long,2014-06-02,2014-06-03,2014-06-11,8,662.0,597.8175913340825,625.3067882068875,-0.6118160129191048,-0.05919855963228564,stop,True,0.04847613947576849
BTC_2012,long,2014-06-30,2014-07-01,2014-07-10,9,640.0,585.8195706848434,614.874246897253,-0.5100642786676973,-0.04309428267923767,stop,True,0.04232846040246611
BTC_2012,long,2015-06-29,2015-06-30,2015-07-01,1,256.04,243.72491220331256,254.7074184745045,-0.19115384326190327,-0.009175822555968256,stop,True,0.024049148173503114
BTC_2012,long,2015-07-04,2015-07-05,2015-07-13,8,260.2,246.50644989198048,296.62279642623645,2.5785242362172736,0.13542918326829803,stop,True,0.02631350904692448
BTC_2012,long,2015-07-26,2015-07-27,2015-08-01,5,292.85,274.83582770013396,280.6201830045997,-0.742568525422006,-0.045586673201009585,stop,True,0.030756654088895406
BTC_2012,long,2015-10-06,2015-10-07,2015-10-18,11,246.57,235.47666080161267,260.2821074054459,1.14468718242033,0.05139740064274659,stop,True,0.022495314106313294
BTC_2012,long,2015-10-19,2015-10-20,2015-10-26,6,264.28,250.94804158938956,280.50269279754286,1.1351016066704713,0.05714742533982958,stop,True,0.025223169385898334
BTC_2012,long,2015-10-27,2015-10-28,2015-10-31,3,295.8,279.4322198101263,313.900490861096,1.031360983807542,0.05695535865177604,stop,True,0.027666971247251083
BTC_2012,long,2015-11-01,2015-11-02,2015-11-04,2,325.78,300.36945385472046,383.7329474563661,2.224821191887512,0.17318767082892778,stop,True,0.03899954899821889
BTC_2012,long,2015-11-05,2015-11-06,2015-11-10,4,387.77,326.0140720414585,336.14007917472145,-0.8594760493156314,-0.1366062289213974,stop,True,0.0796295844940834
BTC_2012,long,2015-11-29,2015-11-30,2015-12-12,12,371.2,329.4112175896056,411.9749753610774,0.9382571864693198,0.1054158531276758,stop,True,0.056288769410552816
BTC_2012,long,2015-12-13,2015-12-14,2015-12-26,12,433.13,384.89291242868404,427.14931198371954,-0.15965405516786302,-0.017744960844243027,stop,True,0.05568430675699668
BTC_2012,long,2016-02-14,2016-02-15,2016-02-23,8,405.5,379.4079073416574,420.15350462091476,0.49831946336874866,0.032000604491812815,stop,True,0.032172740639140066
BTC_2012,long,2016-04-19,2016-04-20,2016-04-27,7,435.7,422.983424180302,453.3591072807775,1.248841613606098,0.03637661346166041,stop,True,0.014593270392125282
BTC_2012,long,2016-05-27,2016-05-28,2016-05-29,1,470.58,452.1705896534139,503.25983324959867,1.669371968168367,0.06517661600403997,stop,True,0.01956034079921171
BTC_2012,long,2016-05-30,2016-05-31,2016-06-14,14,527.64,494.5107745876641,671.314066719405,4.264396671748357,0.267216606484488,stop,True,0.03139377739778626
BTC_2012,long,2016-06-15,2016-06-16,2016-06-17,1,695.0,638.7646799774461,708.9557742647714,0.19823596116765937,0.016008074091014932,stop,True,0.04045706476442726
BTC_2012,long,2016-06-18,2016-06-19,2016-06-21,2,754.83,681.9773257691141,693.735373928463,-0.8783721050045507,-0.08460716818604226,stop,True,0.048257670091865656
BTC_2012,long,2016-09-04,2016-09-05,2016-09-11,6,605.72,577.0971935418673,601.9860350388957,-0.21484186186204568,-0.010131913797680692,stop,True,0.023627093754649615
BTC_2012,long,2016-10-11,2016-10-12,2016-10-19,7,638.3,621.4171910161398,625.8340044686163,-0.888137960611611,-0.023444046483753405,stop,True,0.013224822954613918
BTC_2012,long,2016-10-22,2016-10-23,2016-10-30,7,654.52,635.7038562481297,691.7808871433713,1.8371609945660925,0.05270929352119663,stop,True,0.014374002132761658
BTC_2012,long,2016-10-31,2016-11-01,2016-11-03,2,697.04,668.4112241185192,708.2682493674987,0.2940269924083213,0.012052150818247141,stop,True,0.020535963417795865
BTC_2012,long,2016-11-09,2016-11-10,2016-11-13,3,721.5,680.6375976533019,684.0829526400526,-0.9844798874992762,-0.05564506920355756,stop,True,0.028317673143934935
BTC_2012,long,2016-11-16,2016-11-17,2016-11-20,3,739.71,701.4853876080941,717.6298420462765,-0.6538938153656404,-0.03372260445624829,stop,True,0.02583756633809597
BTC_2012,long,2016-12-02,2016-12-03,2016-12-25,22,770.91,736.3216758386254,878.7942318150978,3.023703110434574,0.13539332893469982,stop,True,0.022433438508629108
BTC_2012,long,2016-12-26,2016-12-27,2017-01-05,9,897.82,852.7234647586625,1068.797902588243,3.7041574455579416,0.18568448496856546,stop,True,0.02511446350122382
BTC_2012,long,2017-02-01,2017-02-02,2017-02-09,7,983.79,909.791366696096,996.8454177978299,0.12289614762053311,0.009225540991766227,stop,True,0.037608957858843835
BTC_2012,long,2017-02-20,2017-02-21,2017-02-24,3,1084.0,1009.1671802309155,1111.4591308189947,0.3082633078446019,0.02123816256541981,stop,True,0.03451698328832309
BTC_2012,long,2017-02-25,2017-02-26,2017-03-07,9,1152.11,1055.6624138184188,1205.6267314066945,0.505987343757919,0.042273611237984565,stop,True,0.04185693474650038
BTC_2012,long,2017-04-11,2017-04-12,2017-05-05,23,1218.99,1111.6362507390784,1502.8979200431966,2.593893050966552,0.22798245067475056,stop,True,0.04403389250975052
BTC_2012,long,2017-05-06,2017-05-07,2017-05-12,5,1554.04,1424.784380037246,1733.420853322219,1.336931668157795,0.11097591413115622,stop,True,0.04158696686145596
BTC_2012,long,2017-05-13,2017-05-14,2017-05-25,11,1776.8,1589.5859398543623,2237.158945043548,2.4161167532053067,0.2540680835275987,stop,True,0.0526829300274757
BTC_2012,long,2017-05-26,2017-05-27,2017-05-27,0,2280.7,1921.2722026140793,1921.2722026140793,-1.0233814537059993,-0.16095827890461403,stop,True,0.0787976931174465
BTC_2012,long,2017-06-01,2017-06-02,2017-06-12,10,2413.58,2009.7621667268027,2612.1938462660887,0.4669489136850169,0.07796962467376947,stop,True,0.08365536532312941
BTC_2012,long,2017-07-20,2017-07-21,2017-07-25,4,2880.0,2443.4171376492063,2459.382869335667,-0.9878901202870838,-0.14945660637163344,stop,True,0.07579563582479057
BTC_2012,long,2017-08-05,2017-08-06,2017-08-15,9,3263.51,2828.9527629882214,3840.7582865081285,1.2956630381002046,0.17218146048239905,stop,True,0.06657819908806455
BTC_2012,long,2017-08-16,2017-08-17,2017-08-19,2,4361.99,3796.226328672825,3909.963733767623,-0.8282083093117916,-0.10720678036678845,stop,True,0.06485155529095381
BTC_2012,long,2017-08-24,2017-08-25,2017-09-03,9,4308.8,3745.123004161793,4450.877881820383,0.22097500337319848,0.028850238174028445,stop,True,0.06540997445207565
BTC_2012,long,2017-10-08,2017-10-09,2017-10-18,9,4597.97,4120.6509764232205,5287.655174359799,1.4034930327961672,0.14540694490615197,stop,True,0.05190540864520425
BTC_2012,long,2017-10-19,2017-10-20,2017-10-24,4,5700.0,5106.960164930484,5560.280958537,-0.2735728593359273,-0.028406275760772173,stop,True,0.0520210381639926
BTC_2012,long,2017-10-29,2017-10-30,2017-11-10,11,6133.01,5442.6462530417475,7048.263378497774,1.2875688152184086,0.14464620121990526,stop,True,0.056282620357561194
BTC_2012,long,2017-11-16,2017-11-17,2017-11-30,13,7846.96,6742.368239698862,9833.7,1.7666062251523669,0.24818320885729647,gap_stop,True,0.07038341984036735
BTC_2012,long,2017-12-01,2017-12-02,2017-12-08,6,10840.45,9324.421116582078,14532.103223449414,2.4016086743637772,0.33519280429611786,stop,True,0.06992462874778826
BTC_2012,long,2017-12-09,2017-12-10,2017-12-20,10,14601.01,11911.04482021914,16681.705478633852,0.750243929864175,0.137942638487927,stop,True,0.09211572280893106
BTC_2012,long,2019-04-02,2019-04-03,2019-04-04,1,4899.01,4600.557209374519,4972.83,0.18118885699366025,0.011016181480244405,gap_stop,True,0.030460520658814938
BTC_2012,long,2019-04-05,2019-04-06,2019-04-11,5,5041.0,4669.084511295851,5056.506633122677,-0.01260603627965144,-0.0009281932353441882,stop,True,0.036889058589977056
BTC_2012,long,2019-04-12,2019-04-13,2019-04-25,12,5075.74,4642.46755611088,5247.982676405943,0.349884312264099,0.029807012526568928,stop,True,0.04268071688947035
BTC_2012,long,2019-05-03,2019-05-04,2019-05-12,8,5659.82,5257.658711926597,6862.739300272663,2.92886017775319,0.2076962050738921,stop,True,0.03552774541181545
BTC_2012,long,2019-05-13,2019-05-14,2019-05-17,3,7810.72,7013.320825235102,7497.810609709009,-0.43080863685580445,-0.04389361927843632,stop,True,0.05104517731815361
BTC_2012,long,2019-05-19,2019-05-20,2019-06-03,14,8193.45,7072.510298662789,8109.399455730788,-0.10407004323382472,-0.014209325301051255,stop,True,0.06840462206623653
BTC_2012,long,2019-06-15,2019-06-16,2019-06-27,11,8857.19,7951.746975508776,12540.679785534458,4.020897999638488,0.41022346721479697,stop,True,0.051113447069060555
BTC_2012,long,2019-06-28,2019-06-29,2019-07-01,2,12354.45,10550.240529363895,10558.60406298076,-1.020763982851663,-0.14877198523925578,stop,True,0.07301860749107023
BTC_2012,long,2019-07-09,2019-07-10,2019-07-11,1,12574.88,10683.358034961742,11207.872461035904,-0.7478491236328604,-0.11226743673073408,stop,True,0.07521033858924527
BTC_2012,long,2019-08-05,2019-08-06,2019-08-13,7,11800.0,10403.13758497368,10992.051244356131,-0.6110357390613151,-0.07218891523161991,stop,True,0.059189085382471196
BTC_2012,long,2019-10-26,2019-10-27,2019-11-08,12,9262.72,8215.701509488921,9070.789184313633,-0.21833218431835796,-0.024630081763573498,stop,True,0.05651787436687487
BTC_2012,long,2020-01-28,2020-01-29,2020-02-15,17,9386.57,8679.214961159112,9778.070328312835,0.49928399214478975,0.037550043884545733,stop,True,0.037679101036954314
BTC_2012,long,2020-04-29,2020-04-30,2020-05-04,4,8789.79,7935.701383701981,8570.317328714742,-0.29761886658139436,-0.028861385188140135,stop,True,0.04858413092337924
BTC_2012,long,2020-05-05,2020-05-06,2020-05-10,4,9040.0,8137.255740228239,9117.568497414066,0.04569772665147454,0.004554316192751405,stop,True,0.04993054534135847
BTC_2012,long,2020-05-14,2020-05-15,2020-05-21,6,9809.91,8644.85271313731,8838.791244475686,-0.8655507067199821,-0.10259047751820807,stop,True,0.059381650130464515
BTC_2012,long,2020-06-01,2020-06-02,2020-06-02,0,10203.64,9158.74137822011,9158.74137822011,-1.037060784605568,-0.10598771258189346,stop,True,0.0512022485005297
BTC_2012,long,2020-07-25,2020-07-26,2020-07-28,2,9712.45,9278.229387746273,10758.769165964899,2.315359288023612,0.10330760906441255,stop,True,0.022353814550073788
BTC_2012,long,2020-07-29,2020-07-30,2020-08-02,3,11105.01,10375.297240041162,11097.289790951323,-0.07143195444947502,-0.004684441265373707,stop,True,0.032855114941762256
BTC_2012,long,2020-08-03,2020-08-04,2020-08-11,7,11236.39,10276.159156483538,11130.307463012168,-0.15706216159601039,-0.013395307755394442,stop,True,0.04272861851165994
BTC_2012,long,2020-08-17,2020-08-18,2020-08-21,3,12301.27,11360.502896783564,11492.514057665267,-0.9102609004101737,-0.06947528523202334,stop,True,0.03823861695647829
BTC_2012,long,2020-10-10,2020-10-11,2020-10-28,17,11300.97,10663.083427963626,12948.104395048698,2.5061450049891354,0.14117773567645125,stop,True,0.02822264690714046
BTC_2012,long,2020-10-29,2020-10-30,2020-11-07,8,13456.14,12509.03032022056,14726.999016514023,1.2823147776969421,0.09007550466020994,stop,True,0.03519247272172552
BTC_2012,long,2020-11-08,2020-11-09,2020-11-26,17,15484.68,14090.454151994234,17741.607549955224,1.5711048378485202,0.14117842727887703,stop,True,0.0450195240717201
BTC_2012,long,2020-11-30,2020-12-01,2020-12-09,8,19703.53,17618.83717715372,17988.022213034037,-0.8590670394053006,-0.09071045943921129,stop,True,0.05290150604603025
BTC_2012,long,2020-12-16,2020-12-17,2020-12-21,4,21358.96,19429.505325520695,22089.208847412447,0.33343748273912877,0.03006084439371959,stop,True,0.04516733666993393
BTC_2012,long,2020-12-22,2020-12-23,2021-01-04,12,23819.08,21406.350179656652,31426.834336590047,3.1073775624201274,0.314130432917337,stop,True,0.05064699854787315
BTC_2012,long,2021-01-05,2021-01-06,2021-01-10,4,34081.24,29733.385524916925,36753.42934338283,0.5820158009423066,0.07410144309781397,stop,True,0.06378662388872988
BTC_2012,long,2021-01-14,2021-01-15,2021-01-21,6,39147.98,32129.389770546863,33024.392422922676,-0.8930471956633298,-0.15978912523622527,stop,True,0.08964179287734818
BTC_2012,long,2021-02-08,2021-02-09,2021-02-22,13,46445.51,39687.08253862396,51633.54016063134,0.7386144319574762,0.10726350607028383,stop,True,0.07275652115108693
BTC_2012,long,2021-03-10,2021-03-11,2021-03-16,5,55918.09,48266.51995524392,54120.51467648172,-0.26369131055057327,-0.0360102657709987,stop,True,0.06841766273451111
BTC_2012,long,2021-04-13,2021-04-14,2021-04-18,4,63605.69,57963.60992112186,59291.819931987724,-0.8081532030971963,-0.07154334714325619,stop,True,0.044352007492396844
BTC_2012,long,2021-08-09,2021-08-10,2021-09-07,28,46282.3,41267.01923982779,48524.93286938752,0.40935263683587897,0.04427006787743264,stop,True,0.054181412334436914
BTC_2012,long,2021-10-05,2021-10-06,2021-10-22,16,51521.89,46347.43594193787,60755.05894359848,1.7409788442657597,0.17450124166941414,stop,True,0.050216073770412255
BTC_2012,long,2021-11-08,2021-11-09,2021-11-12,3,67547.49,61564.98377735353,62897.85589972511,-0.8208139882054449,-0.07255226427190078,stop,True,0.044283704861916184
BTC_2012,long,2023-01-13,2023-01-14,2023-01-18,4,19936.0,19053.580308519515,20507.88190315561,0.5564179313876491,0.024579359506773927,stop,True,0.02213131248697046
BTC_2012,long,2023-01-19,2023-01-20,2023-02-05,16,21085.0,19901.785926700497,22786.73662050117,1.364075346703239,0.07639419511748007,stop,True,0.028058194766409805
BTC_2012,long,2023-02-15,2023-02-16,2023-02-17,1,24332.0,22746.762086964573,23518.0,-0.5738570800758223,-0.037312355397703716,gap_stop,True,0.0325751667153425
BTC_2012,long,2023-02-18,2023-02-19,2023-02-24,5,24638.0,22875.13713741296,23407.198770454892,-0.7526913495351407,-0.0537479966232816,stop,True,0.03577528335471709
BTC_2012,long,2023-03-13,2023-03-14,2023-03-15,1,24210.0,22127.985196750105,24247.84339698224,-0.02837265600586298,-0.00243512519824967,stop,True,0.042999066568564524
BTC_2012,long,2023-03-16,2023-03-17,2023-03-27,10,25051.0,22762.665990255096,26732.224006140616,0.689435000052378,0.06285212331029674,stop,True,0.045673506242164076
BTC_2012,long,2023-04-10,2023-04-11,2023-04-18,7,29657.0,27599.565124218036,29217.069288288378,-0.27105540829147345,-0.018766757219222992,stop,True,0.034687171254374434
BTC_2012,long,2023-06-20,2023-06-21,2023-06-30,9,28316.0,26486.856044233693,29561.074841650552,0.617403943744891,0.039803169898627956,stop,True,0.03229877023178251
BTC_2012,long,2023-07-01,2023-07-02,2023-07-14,12,30590.0,28674.34514407624,30054.937543203167,-0.3426255673633534,-0.021413607302663104,stop,True,0.03131178254206862
BTC_2012,long,2023-10-16,2023-10-17,2023-11-14,28,28520.0,27052.641104699374,35853.92074748723,4.910300356012151,0.2521315330766328,stop,True,0.02572508582224099
BTC_2012,long,2023-11-15,2023-11-16,2023-12-11,25,37886.0,35451.290773407236,42281.59676066296,1.7395348573384433,0.11156648765346452,stop,True,0.03213204384987551
BTC_2012,long,2024-01-08,2024-01-09,2024-01-12,3,47012.0,43494.35052875746,44912.95193574349,-0.6489839271340493,-0.04846297297619507,stop,True,0.03741225082151942
BTC_2012,long,2024-02-08,2024-02-09,2024-03-05,25,45299.0,42578.288803318654,63793.75861454247,6.717571905318978,0.40265994638933333,stop,True,0.030030587835066406
BTC_2012,long,2024-03-06,2024-03-07,2024-03-15,8,66124.0,60000.807172743254,67517.15998690834,0.18387101283546042,0.01699277729904845,stop,True,0.04630083500133647
BTC_2012,long,2024-05-20,2024-05-21,2024-05-23,2,71435.0,65940.14694125536,66595.53996465384,-0.9309659531540153,-0.07146791480768377,stop,True,0.03846050996531566
BTC_2012,long,2024-07-15,2024-07-16,2024-07-25,9,64759.0,59879.28557406723,63715.95100654561,-0.2664088063348065,-0.02003434406480796,stop,True,0.03767595566587476
BTC_2012,long,2024-09-24,2024-09-25,2024-10-01,6,64291.0,59964.2261343625,62558.75849925971,-0.4589888631598747,-0.03082821955812772,stop,True,0.03364991885051951
BTC_2012,long,2024-10-14,2024-10-15,2024-10-23,8,66070.0,61858.17334492263,65664.13361820643,-0.15891790043711873,-0.010110468468692829,stop,True,0.03187397196214145
BTC_2012,long,2024-10-28,2024-10-29,2024-11-01,3,69918.0,65924.20291935137,69410.43006821624,-0.19686197772283767,-0.01122253893083686,stop,True,0.02856057868251824
BTC_2012,long,2024-11-06,2024-11-07,2024-11-25,18,75638.0,70510.1566275112,93068.6711830511,3.333420426292932,0.22553662922819065,stop,True,0.033897269708934696
BTC_2012,long,2024-11-27,2024-11-28,2024-12-05,7,95945.0,88405.69627884959,92376.87603593207,-0.5232270594263658,-0.041032820139488474,stop,True,0.03928971661446878
BTC_2012,long,2024-12-15,2024-12-16,2024-12-18,2,104476.0,96668.17014909489,100606.21813876039,-0.5481608051462582,-0.04088406419212127,stop,True,0.037366619371459034
BTC_2012,long,2025-01-17,2025-01-18,2025-01-21,3,104119.0,96459.56462916665,100583.46009120959,-0.5150438169365504,-0.03781318191298069,stop,True,0.036782121278697184
BTC_2012,long,2025-04-22,2025-04-23,2025-05-29,36,93482.0,86614.53807925779,106121.17940292995,1.7823139298603108,0.13067266383050935,stop,True,0.0367314665964689
BTC_2012,long,2025-06-09,2025-06-10,2025-06-13,3,110311.0,104392.40363369857,104705.38374538295,-1.0197770972308335,-0.05460563151880488,stop,True,0.02682686389526626
BTC_2012,long,2025-07-10,2025-07-11,2025-07-15,4,116038.0,110505.90099577393,117650.67821585535,0.20702826513927713,0.009850349280098907,stop,True,0.02383744551020382
BTC_2012,long,2025-07-16,2025-07-17,2025-07-25,8,118692.0,112882.67662489568,115296.142312673,-0.6651091224342428,-0.03248847208316798,stop,True,0.02447226171563504
BTC_2012,long,2025-08-13,2025-08-14,2025-08-14,0,123360.0,117737.57602343704,117737.57602343704,-1.0857628585209689,-0.0493874372575361,stop,True,0.02278868343289139
BTC_2012,long,2025-10-01,2025-10-02,2025-10-07,5,118674.0,113614.81149823466,120885.45949904437,0.34241471323746886,0.014568336909663818,stop,True,0.021315488235693306
BTC_2012,long,2025-10-08,2025-10-09,2025-10-10,1,123349.0,117652.14620070663,117945.77861494187,-1.0331686839177951,-0.04762148713532102,stop,True,0.02309241987893445
BTC_2012,long,2026-08-19,2026-08-20,2026-09-01,12,69298.02,66145.00674672275,76856.93219864898,2.3046532667437205,0.10465087022768559,stop,True,0.022749663361790566
BTC_2012,long,2026-09-03,2026-09-04,2026-09-10,6,81265.0,76273.89946079877,76980.98309600998,-0.9217423760648779,-0.05649819993535399,stop,True,0.030708795540523196
