symbol,side,date_signal,date_entree,date_sortie,bars,entree,stop_initial,sortie,R,ret_pct,motif,atr_pct_entree
BTCUSD_4h,long,2012-03-18 20:00:00,2012-03-19 00:00:00,2012-03-19 12:00:00,3,5.25,5.077334387779523,5.077334387779523,-1.1196223643488765,-0.03674941184222736,stop,0.01096289601399855
BTCUSD_4h,long,2012-03-20 08:00:00,2012-03-20 12:00:00,2012-03-23 12:00:00,18,4.94,4.682647866169669,4.682647866169669,-1.074781955159645,-0.05587962325605277,stop,0.017365191216621577
BTCUSD_4h,long,2012-04-24 00:00:00,2012-04-24 04:00:00,2012-04-25 16:00:00,9,5.06,4.9019460466596945,4.9019460466596945,-1.126057537139996,-0.03510328067848963,stop,0.010411986386054351
BTCUSD_4h,long,2012-05-29 04:00:00,2012-05-29 08:00:00,2012-05-29 12:00:00,1,5.05,4.999671299020218,4.999671299020218,-1.3993614420152614,-0.013918310621889456,stop,0.0033220264673123824
BTCUSD_4h,long,2012-06-24 08:00:00,2012-06-24 12:00:00,2012-06-25 08:00:00,5,6.39,6.125142439572456,6.125142439572456,-1.094504702220848,-0.04527530936666399,stop,0.013816252500132704
BTCUSD_4h,long,2012-06-25 20:00:00,2012-06-26 00:00:00,2012-06-28 12:00:00,15,6.26,6.029817010621111,6.029817010621111,-1.1067830167970572,-0.04061567334980708,stop,0.012256815195893984
BTCUSD_4h,long,2012-07-04 00:00:00,2012-07-04 04:00:00,2012-07-07 12:00:00,20,6.46,6.2426552473865184,6.58,0.43212453427400616,0.014509680329742956,temps,0.011214899515659536
BTCUSD_4h,long,2012-07-20 04:00:00,2012-07-20 08:00:00,2012-07-23 16:00:00,20,7.98,7.131154148316276,8.78,0.9029672448532932,0.09585840849629057,temps,0.03545722020399851
BTCUSD_4h,long,2012-07-30 04:00:00,2012-07-30 08:00:00,2012-07-31 04:00:00,5,8.55,8.253414295575384,9.143171408849234,1.8806876316363632,0.06510780381127043,target,0.011562795494137083
BTCUSD_4h,long,2012-09-23 16:00:00,2012-09-23 20:00:00,2012-09-27 04:00:00,20,11.86,11.346021291113379,11.9,-0.014630956243867253,-0.0006327984839763582,temps,0.014445719755104577
BTCUSD_4h,long,2013-06-02 16:00:00,2013-06-02 20:00:00,2013-06-06 04:00:00,20,120.0,111.88132568599163,120.04,-0.054205894087986546,-0.0036600133067198498,temps,0.02255187309446771
BTCUSD_4h,long,2013-08-08 16:00:00,2013-08-08 20:00:00,2013-08-12 04:00:00,20,93.85,89.34269172132245,94.14,-0.01907568657035218,-0.0009143141527281759,temps,0.01600890882144395
BTCUSD_4h,long,2013-09-05 04:00:00,2013-09-05 08:00:00,2013-09-08 16:00:00,20,122.3,112.58744642247977,118.5,-0.4408315450542061,-0.034939116044281,temps,0.026471936706242104
BTCUSD_4h,long,2013-12-01 20:00:00,2013-12-02 00:00:00,2013-12-05 08:00:00,20,955.0,729.7686892559376,915.0,-0.19420035276402214,-0.04570962786468948,temps,0.07861476814801478
BTCUSD_4h,long,2013-12-05 12:00:00,2013-12-05 16:00:00,2013-12-07 00:00:00,8,981.01,773.8388036341587,773.8388036341587,-1.0169410500534573,-0.21433050960403696,stop,0.07039384456354209
BTCUSD_4h,long,2013-12-07 08:00:00,2013-12-07 12:00:00,2013-12-10 20:00:00,20,789.49,472.4886903690903,979.23,0.5873873524901175,0.23538093985179404,temps,0.13384223132693668
BTCUSD_4h,long,2014-01-13 12:00:00,2014-01-13 16:00:00,2014-01-17 00:00:00,20,815.12,723.6697503171855,813.6,-0.05224086338276823,-0.005849327941427916,temps,0.03739745873115388
BTCUSD_4h,long,2014-03-17 12:00:00,2014-03-17 16:00:00,2014-03-18 08:00:00,4,623.02,598.4115751262391,598.4115751262391,-1.099269382855025,-0.043332948279572264,stop,0.013166203799643103
BTCUSD_4h,long,2014-06-12 00:00:00,2014-06-12 04:00:00,2014-06-12 20:00:00,4,629.26,594.7966049045435,594.7966049045435,-1.0710351723336695,-0.05854151326953181,stop,0.01825604418706444
BTCUSD_4h,long,2014-06-13 00:00:00,2014-06-13 04:00:00,2014-06-16 12:00:00,20,579.0,532.602994390716,593.5,0.26197811346617983,0.02095118915881531,temps,0.02671099919935748
BTCUSD_4h,long,2014-07-10 08:00:00,2014-07-10 12:00:00,2014-07-13 20:00:00,20,612.11,590.3320968890017,630.88,0.7477313089787917,0.02654999422663887,temps,0.01185947139729697
BTCUSD_4h,long,2014-12-04 12:00:00,2014-12-04 16:00:00,2014-12-08 00:00:00,20,369.8,351.1890479630554,373.61,0.12482864903354918,0.006269721238971434,temps,0.016775691398003084
BTCUSD_4h,long,2015-02-22 20:00:00,2015-02-23 00:00:00,2015-02-26 08:00:00,20,236.5,223.3684357442993,236.68,-0.05836014545390705,-0.003233954923134788,temps,0.01850819486356689
BTCUSD_4h,long,2015-03-18 00:00:00,2015-03-18 04:00:00,2015-03-18 08:00:00,1,282.3,271.1921968591455,271.1921968591455,-1.099658265426652,-0.043182453847433695,stop,0.013115837927564673
BTCUSD_4h,long,2015-03-18 12:00:00,2015-03-18 16:00:00,2015-03-18 20:00:00,1,272.3,258.24500601295284,258.24500601295284,-1.0754955863377649,-0.055401807472359926,stop,0.01720528092428346
BTCUSD_4h,long,2015-05-19 00:00:00,2015-05-19 04:00:00,2015-05-22 12:00:00,20,233.66,227.01790536450093,236.19,0.2394274829359645,0.006792458052311082,temps,0.009475441004734903
BTCUSD_4h,long,2015-07-16 16:00:00,2015-07-16 20:00:00,2015-07-20 04:00:00,20,276.8,259.07050230818055,276.73,-0.06638992375644621,-0.0042438965998637945,temps,0.0213505511703028
BTCUSD_4h,long,2015-07-31 08:00:00,2015-07-31 12:00:00,2015-08-03 20:00:00,20,284.4,275.4453974273721,280.43,-0.5695015450030613,-0.017895502946287355,temps,0.010495314782733092
BTCUSD_4h,long,2015-11-11 04:00:00,2015-11-11 08:00:00,2015-11-14 16:00:00,20,312.44,260.09568697424953,333.0,0.3681225120008865,0.06154992537010215,temps,0.055844656068098894
BTCUSD_4h,long,2015-12-02 04:00:00,2015-12-02 08:00:00,2015-12-05 16:00:00,20,355.5,332.5703557941185,378.65,0.9455750732686277,0.06086757567846018,temps,0.02149990080251433
BTCUSD_4h,long,2015-12-20 20:00:00,2015-12-21 00:00:00,2015-12-24 08:00:00,20,442.54,420.56888846798716,457.2,0.5853377049796329,0.029002689699012853,temps,0.01654924717314659
BTCUSD_4h,long,2015-12-27 00:00:00,2015-12-27 04:00:00,2015-12-30 12:00:00,20,419.76,391.89115461676465,426.02,0.16392641809079683,0.01086173374615361,temps,0.02213077741505887
BTCUSD_4h,long,2016-02-23 20:00:00,2016-02-24 00:00:00,2016-02-27 08:00:00,20,419.1,398.77956777201615,431.71,0.5368183057138742,0.025976155539076718,temps,0.016161959936358744
BTCUSD_4h,long,2016-03-03 04:00:00,2016-03-03 08:00:00,2016-03-05 00:00:00,10,421.65,404.6610328136535,404.6610328136535,-1.0972761938674818,-0.04412280443731016,stop,0.013430544437603434
BTCUSD_4h,long,2016-03-05 08:00:00,2016-03-05 12:00:00,2016-03-05 12:00:00,0,406.01,389.66369208322266,389.66369208322266,-1.0973520988512118,-0.04409214452291395,stop,0.013420283504328563
BTCUSD_4h,long,2016-04-28 04:00:00,2016-04-28 08:00:00,2016-05-01 16:00:00,20,445.61,426.0892081802203,451.98,0.23435627213464472,0.010245929451211904,temps,0.014602299334829212
BTCUSD_4h,long,2016-05-02 12:00:00,2016-05-02 16:00:00,2016-05-06 00:00:00,20,442.82,429.0452898255171,448.13,0.25612880091921364,0.00795144276281905,temps,0.010368931073937422
BTCUSD_4h,long,2016-06-21 04:00:00,2016-06-21 08:00:00,2016-06-21 16:00:00,2,706.5,640.8846335190132,640.8846335190132,-1.04106917954682,-0.09649510003068865,stop,0.030957945968854386
BTCUSD_4h,long,2016-06-21 20:00:00,2016-06-22 00:00:00,2016-06-23 00:00:00,6,665.36,580.2817976347494,580.2817976347494,-1.0292822782570583,-0.13134948985118644,stop,0.04262264156008306
BTCUSD_4h,long,2016-06-23 04:00:00,2016-06-23 08:00:00,2016-06-26 16:00:00,20,590.01,496.02642496074327,624.95,0.34591235741373566,0.05499091476544211,temps,0.05309716504198048
BTCUSD_4h,long,2016-09-11 20:00:00,2016-09-12 00:00:00,2016-09-15 08:00:00,20,604.08,584.6610402809127,607.61,0.05698657477064476,0.0018282531744878456,temps,0.010715445922773622
BTCUSD_4h,long,2016-09-21 12:00:00,2016-09-21 16:00:00,2016-09-25 00:00:00,20,594.99,584.6953102902714,600.14,0.2680741312088296,0.004629038365226496,temps,0.0057674301023146754
BTCUSD_4h,long,2016-10-19 16:00:00,2016-10-19 20:00:00,2016-10-22 20:00:00,18,627.28,614.1524892046887,653.5350215906226,1.8048655161573983,0.037696243063295304,target,0.00697589104031763
BTCUSD_4h,long,2016-11-04 00:00:00,2016-11-04 04:00:00,2016-11-07 12:00:00,20,699.25,649.1376643350011,703.49,0.02862608539322115,0.002047417499645001,temps,0.023888611924680676
BTCUSD_4h,long,2016-11-13 08:00:00,2016-11-13 12:00:00,2016-11-16 12:00:00,18,692.09,672.8453538451981,730.5792923096038,1.852149082828981,0.05139910720970838,target,0.009268855281250469
BTCUSD_4h,long,2016-11-21 00:00:00,2016-11-21 04:00:00,2016-11-24 12:00:00,20,728.64,704.1023657668759,731.33,-0.00937091154816952,-0.00031494433180184197,temps,0.011225312103427448
BTCUSD_4h,long,2017-01-06 12:00:00,2017-01-06 16:00:00,2017-01-10 00:00:00,20,912.0,761.1384164191031,899.69,-0.1056158872378265,-0.01743593952445979,temps,0.055139467683076336
BTCUSD_4h,long,2017-02-09 20:00:00,2017-02-10 00:00:00,2017-02-13 08:00:00,20,985.71,907.2467951892148,992.09,0.030898559469326493,0.0024546376502658025,temps,0.0265335662655295
BTCUSD_4h,long,2017-03-07 12:00:00,2017-03-07 16:00:00,2017-03-08 04:00:00,3,1231.03,1161.967866410972,1161.967866410972,-1.069299853394368,-0.05986915661366309,stop,0.01870036570704427
BTCUSD_4h,long,2017-03-08 08:00:00,2017-03-08 12:00:00,2017-03-10 20:00:00,14,1203.03,1112.4806835569423,1112.4806835569423,-1.051143636959712,-0.07895925878488447,stop,0.025089237575970036
BTCUSD_4h,long,2017-03-17 12:00:00,2017-03-17 16:00:00,2017-03-18 00:00:00,2,1159.64,1061.2396856960597,1061.2396856960597,-1.045139686827343,-0.08850746789967748,stop,0.028284730405970904
BTCUSD_4h,long,2017-04-13 20:00:00,2017-04-14 00:00:00,2017-04-17 08:00:00,20,1172.56,1119.4597382469224,1167.02,-0.19245027543404894,-0.008697859789733383,temps,0.01509525077695457
BTCUSD_4h,long,2017-05-12 20:00:00,2017-05-13 00:00:00,2017-05-16 08:00:00,20,1690.33,1521.701208199302,1718.47,0.12644578527966288,0.012589163251768171,temps,0.03325362341489491
BTCUSD_4h,long,2017-05-27 12:00:00,2017-05-27 16:00:00,2017-05-31 00:00:00,20,2087.2,1584.1478259704818,2170.86,0.14937591740850176,0.035930381475454874,temps,0.08033923821858918
BTCUSD_4h,long,2017-06-12 12:00:00,2017-06-12 16:00:00,2017-06-12 16:00:00,0,2775.97,2557.962835203035,2557.962835203035,-1.048933555373471,-0.08221219727908045,stop,0.026177896350580737
BTCUSD_4h,long,2017-06-12 20:00:00,2017-06-13 00:00:00,2017-06-14 20:00:00,11,2656.97,2379.7239242311884,2379.7239242311884,-1.0363337436626605,-0.10792217137337871,stop,0.0347822363781314
BTCUSD_4h,long,2017-06-15 00:00:00,2017-06-15 04:00:00,2017-06-15 12:00:00,2,2474.62,2158.3501273557235,2158.3501273557235,-1.029297574812424,-0.13128724443241918,stop,0.042601809926948564
BTCUSD_4h,long,2017-06-24 20:00:00,2017-06-25 00:00:00,2017-06-26 16:00:00,10,2557.66,2356.7105065796536,2356.7105065796536,-1.0489114993318223,-0.08224608407478559,stop,0.026189237222089237
BTCUSD_4h,long,2017-07-25 12:00:00,2017-07-25 16:00:00,2017-07-29 00:00:00,20,2580.21,2299.3876334901074,2705.0,0.40673248865302297,0.04417919347897542,temps,0.03627900655500813
BTCUSD_4h,long,2017-09-04 16:00:00,2017-09-04 20:00:00,2017-09-08 04:00:00,20,4260.49,3852.945306883781,4639.7,0.8867975122839766,0.08465886400695073,temps,0.03188558852121224
BTCUSD_4h,long,2017-09-08 20:00:00,2017-09-09 00:00:00,2017-09-12 08:00:00,20,4327.41,3875.708616934501,4339.98,-0.01054851762388674,-0.0010988719490592,temps,0.03479382071227353
BTCUSD_4h,long,2017-10-18 08:00:00,2017-10-18 12:00:00,2017-10-21 20:00:00,20,5304.2,4858.688964527237,6013.46,1.541206895742491,0.12919086227078289,temps,0.02799737538006129
BTCUSD_4h,long,2017-10-25 00:00:00,2017-10-25 04:00:00,2017-10-28 12:00:00,20,5550.0,5004.9137596299515,5699.99,0.23388963169103072,0.0229253241265216,temps,0.03273791233453742
BTCUSD_4h,long,2017-11-11 00:00:00,2017-11-11 04:00:00,2017-11-12 04:00:00,6,6777.41,6033.4803813499675,6033.4803813499675,-1.0344411354520262,-0.11331989191673242,stop,0.03658868794274077
BTCUSD_4h,long,2017-12-20 16:00:00,2017-12-20 20:00:00,2017-12-22 00:00:00,7,16840.82,14215.572759816027,14215.572759816027,-1.0236597850933375,-0.15925566769529814,stop,0.05196198364418466
BTCUSD_4h,long,2017-12-22 08:00:00,2017-12-22 12:00:00,2017-12-25 20:00:00,20,13969.05,10465.34649206195,13911.28,-0.03240304430519922,-0.008111077839667417,temps,0.0836063418280186
BTCUSD_4h,long,2018-02-21 20:00:00,2018-02-22 00:00:00,2018-02-25 08:00:00,20,10446.79,9280.45954091149,9659.2,-0.7097490883046377,-0.07908167778223958,temps,0.037214954995378524
BTCUSD_4h,long,2018-03-06 12:00:00,2018-03-06 16:00:00,2018-03-07 16:00:00,6,10971.17,10268.464558566699,10268.464558566699,-1.0604510319864449,-0.06778650917984114,stop,0.021350060854442476
BTCUSD_4h,long,2018-03-07 20:00:00,2018-03-08 00:00:00,2018-03-09 00:00:00,6,9904.52,8925.30516710372,8925.30516710372,-1.0384590276505716,-0.10246279412260288,stop,0.03295515020402404
BTCUSD_4h,long,2018-05-01 04:00:00,2018-05-01 08:00:00,2018-05-04 16:00:00,20,8977.16,8405.861786359748,9644.82,1.103479802576406,0.07008427214741593,temps,0.021213027046424925
BTCUSD_4h,long,2018-05-07 08:00:00,2018-05-07 12:00:00,2018-05-10 20:00:00,20,9331.09,8775.776661196644,9020.99,-0.6245197724717493,-0.03709233713614853,temps,0.019837387300710347
BTCUSD_4h,long,2018-08-01 04:00:00,2018-08-01 08:00:00,2018-08-04 12:00:00,19,7554.63,7108.044352650699,7108.044352650699,-1.0656656766274544,-0.06287019667499127,stop,0.019704721799713158
BTCUSD_4h,long,2018-10-10 08:00:00,2018-10-10 12:00:00,2018-10-11 00:00:00,3,6497.75,6348.071842202346,6348.071842202346,-1.1716459105485295,-0.02693544103084037,stop,0.007678460892752864
BTCUSD_4h,long,2018-12-25 04:00:00,2018-12-25 08:00:00,2018-12-28 16:00:00,20,3767.04,3364.6863465225706,3883.84,0.25226126101448226,0.026889984895991325,temps,0.03560298921500075
BTCUSD_4h,long,2019-02-25 00:00:00,2019-02-25 04:00:00,2019-02-28 12:00:00,20,3777.99,3547.359225047853,3840.61,0.20544873081153953,0.012516767792634319,temps,0.020348631146204433
BTCUSD_4h,long,2019-03-04 16:00:00,2019-03-04 20:00:00,2019-03-08 04:00:00,20,3705.49,3590.226789511566,3872.25,1.315289756007736,0.04083182417646924,temps,0.010368688125676033
BTCUSD_4h,long,2019-03-25 20:00:00,2019-03-26 00:00:00,2019-03-29 08:00:00,20,3910.0,3819.4648391569726,4091.0703216860547,1.8232494370765293,0.04213266077632016,target,0.0077182575313748695
BTCUSD_4h,long,2019-04-26 00:00:00,2019-04-26 04:00:00,2019-04-29 12:00:00,20,5204.81,4858.336908865068,5139.68,-0.24769305956455673,-0.01645548725712167,temps,0.02218928844248125
BTCUSD_4h,long,2019-05-17 04:00:00,2019-05-17 08:00:00,2019-05-20 16:00:00,20,7282.98,6073.779802077184,7815.57,0.41547537030097986,0.06884408851328425,temps,0.05534365502046396
BTCUSD_4h,long,2019-05-31 04:00:00,2019-05-31 08:00:00,2019-06-03 16:00:00,20,8304.74,7647.384782980844,8567.64,0.3486018427588173,0.02753823049383573,temps,0.026384740000656492
BTCUSD_4h,long,2019-06-04 08:00:00,2019-06-04 12:00:00,2019-06-07 20:00:00,20,7909.94,7296.6707836977985,8001.25,0.09700082511672496,0.007505604623490157,temps,0.025843820825535175
BTCUSD_4h,long,2019-07-02 08:00:00,2019-07-02 12:00:00,2019-07-05 20:00:00,20,9944.52,8176.131333777635,10997.84,0.5719530436488428,0.10150479330382844,temps,0.05927514739180861
BTCUSD_4h,long,2019-11-08 16:00:00,2019-11-08 20:00:00,2019-11-12 04:00:00,20,8792.87,8344.977038629178,8765.64,-0.13920071395893702,-0.0070764806997374525,temps,0.01697939964883755
BTCUSD_4h,long,2020-01-23 16:00:00,2020-01-23 20:00:00,2020-01-27 04:00:00,20,8346.02,7956.51979558693,8643.72,0.6770741504420869,0.03153528648823342,temps,0.01555632522699726
BTCUSD_4h,long,2020-02-15 20:00:00,2020-02-16 00:00:00,2020-02-19 08:00:00,20,9909.71,9372.935141080943,10220.57,0.5041209279900449,0.027251990356658814,temps,0.01805551857451112
BTCUSD_4h,long,2020-02-20 04:00:00,2020-02-20 08:00:00,2020-02-23 16:00:00,20,9597.33,8947.708112169075,9900.01,0.40590584298266313,0.027420022234934976,temps,0.022562590770242846
BTCUSD_4h,long,2020-04-10 16:00:00,2020-04-10 20:00:00,2020-04-14 04:00:00,20,6918.89,6419.82825373415,6835.32,-0.22257450271660226,-0.016022325342190304,temps,0.024043439832393643
BTCUSD_4h,long,2020-04-16 00:00:00,2020-04-16 04:00:00,2020-04-19 12:00:00,20,6669.65,6261.235158928537,7101.97,0.9910921917971507,0.06056821907525734,temps,0.020411607859056217
BTCUSD_4h,long,2020-04-20 20:00:00,2020-04-21 00:00:00,2020-04-23 12:00:00,15,6833.0,6409.96335327504,7679.073293449919,1.9313909402138143,0.11933533005159283,target,0.02063694066661591
BTCUSD_4h,long,2020-05-10 04:00:00,2020-05-10 08:00:00,2020-05-13 16:00:00,20,8817.15,7894.152359773845,9163.33,0.3360994941698762,0.0351133688685529,temps,0.03489402812421074
BTCUSD_4h,long,2020-05-21 20:00:00,2020-05-22 00:00:00,2020-05-25 08:00:00,20,9062.25,8353.513347649503,8752.72,-0.4870073233200119,-0.038011641480205624,temps,0.02606919371938522
BTCUSD_4h,long,2020-06-12 04:00:00,2020-06-12 08:00:00,2020-06-15 04:00:00,17,9425.94,8930.239002672723,8930.239002672723,-1.0740614971591558,-0.056371105059503206,stop,0.01752967510675424
BTCUSD_4h,long,2020-11-26 20:00:00,2020-11-27 00:00:00,2020-11-30 08:00:00,20,17168.31,15327.287217400966,18628.67,0.7543448419684573,0.0807297894723596,temps,0.03574459343210513
BTCUSD_4h,long,2020-12-09 08:00:00,2020-12-09 12:00:00,2020-12-12 20:00:00,20,18258.48,17177.218561476853,18815.63,0.44670212290166933,0.026400757598158263,temps,0.019739895079311974
BTCUSD_4h,long,2021-01-11 16:00:00,2021-01-11 20:00:00,2021-01-15 04:00:00,20,32199.33,24759.823952350813,38423.49,0.8176503011140285,0.18853724019634113,temps,0.07701512265057678
BTCUSD_4h,long,2021-01-21 16:00:00,2021-01-21 20:00:00,2021-01-25 04:00:00,20,32474.15,28044.481093750892,33387.96,0.1765562611003902,0.02403526283332804,temps,0.04546866668051469
BTCUSD_4h,long,2021-02-23 12:00:00,2021-02-23 16:00:00,2021-02-27 00:00:00,20,48656.2,41172.62489325349,47424.12,-0.19031554032457437,-0.029213087834877645,temps,0.051268389960214114
BTCUSD_4h,long,2021-02-28 16:00:00,2021-02-28 20:00:00,2021-03-04 04:00:00,20,44507.89,38603.72284598401,49726.16,0.851907096935553,0.1127836519603492,temps,0.04421813116742516
BTCUSD_4h,long,2021-03-15 12:00:00,2021-03-15 16:00:00,2021-03-19 00:00:00,20,56232.2,50898.02873206706,57800.57,0.2512676089081393,0.023787602149601354,temps,0.031619909754748675
BTCUSD_4h,long,2021-03-23 00:00:00,2021-03-23 04:00:00,2021-03-25 12:00:00,14,54673.79,50465.292921230386,50465.292921230386,-1.0499651447789389,-0.08065940433147567,stop,0.025658224161702936
BTCUSD_4h,long,2021-04-04 00:00:00,2021-04-04 04:00:00,2021-04-07 12:00:00,20,57546.14,54449.89546269299,56434.13,-0.4327728394364665,-0.023238673316816637,temps,0.017934852145351014
BTCUSD_4h,long,2021-08-03 20:00:00,2021-08-04 00:00:00,2021-08-07 04:00:00,19,38173.75,35344.85494092034,43831.54011815932,1.9420230949501238,0.14362785710344902,target,0.02470192264823915
BTCUSD_4h,long,2021-08-26 16:00:00,2021-08-26 20:00:00,2021-08-30 04:00:00,20,46944.84,44184.00105078804,47966.91,0.30144695699746005,0.0176927928466968,temps,0.019603424992764223
BTCUSD_4h,long,2021-08-31 00:00:00,2021-08-31 04:00:00,2021-09-03 12:00:00,20,47147.21,44678.477971902656,50604.56,1.3212638807598376,0.06904620206419754,temps,0.017454069414339617
BTCUSD_4h,long,2021-10-22 16:00:00,2021-10-22 20:00:00,2021-10-26 04:00:00,20,61018.92,56364.36745009362,62444.03,0.2531251043719988,0.01926996471143289,temps,0.025426826902794394
BTCUSD_4h,long,2021-10-27 00:00:00,2021-10-27 04:00:00,2021-10-28 16:00:00,9,60698.4,57335.28622350825,57335.28622350825,-1.070193097271087,-0.059177789770891984,stop,0.018468986422990573
BTCUSD_4h,long,2022-02-18 00:00:00,2022-02-18 04:00:00,2022-02-20 08:00:00,13,40731.95,38194.96228963758,38194.96228963758,-1.062220965412848,-0.06602832935133851,stop,0.02076165197396162
BTCUSD_4h,long,2022-04-01 04:00:00,2022-04-01 08:00:00,2022-04-04 16:00:00,20,45041.19,42870.96663859852,45941.38,0.3309451334705846,0.015914128322211393,temps,0.0160610274092187
BTCUSD_4h,long,2022-04-06 04:00:00,2022-04-06 08:00:00,2022-04-06 16:00:00,2,45265.8,43146.803969942244,43146.803969942244,-1.083447635310137,-0.05061743657411761,stop,0.015604098679781492
BTCUSD_4h,long,2022-04-07 00:00:00,2022-04-07 04:00:00,2022-04-10 12:00:00,20,43319.0,40928.788837411055,42766.7,-0.3030993291886792,-0.01669072114548811,temps,0.01839232332686152
BTCUSD_4h,long,2022-07-25 04:00:00,2022-07-25 08:00:00,2022-07-28 16:00:00,20,21976.02,20500.359855765677,23790.88,1.1678340753007073,0.0782619613171861,temps,0.02238288437782521
BTCUSD_4h,long,2022-08-10 04:00:00,2022-08-10 08:00:00,2022-08-11 12:00:00,7,22981.16,22015.67394736216,24912.13210527568,1.9007892615860713,0.07969669399250971,target,0.014004022608633038
BTCUSD_4h,long,2022-08-17 20:00:00,2022-08-18 00:00:00,2022-08-19 04:00:00,7,23348.0,22215.63036825355,22215.63036825355,-1.080474836291716,-0.05229804621025875,stop,0.016166547195283643
BTCUSD_4h,long,2022-11-07 08:00:00,2022-11-07 12:00:00,2022-11-08 04:00:00,4,20728.0,20081.8966273123,20081.8966273123,-1.1263262145113047,-0.035038142835436964,stop,0.010390186747197019
BTCUSD_4h,long,2022-12-12 04:00:00,2022-12-12 08:00:00,2022-12-13 12:00:00,7,16928.0,16644.015949614695,17495.96810077061,1.7575640740804612,0.029426034778804108,target,0.005591998471670316
BTCUSD_4h,long,2023-01-30 20:00:00,2023-01-31 00:00:00,2023-02-03 08:00:00,20,22831.0,21840.97546897714,23539.0,0.6214593484510251,0.026894657970642676,temps,0.014454389952591663
BTCUSD_4h,long,2023-02-05 20:00:00,2023-02-06 00:00:00,2023-02-09 08:00:00,20,22942.0,22215.975270727406,22689.0,-0.47417393116198564,-0.014975802035541958,temps,0.010548698591703654
BTCUSD_4h,long,2023-02-10 00:00:00,2023-02-10 04:00:00,2023-02-13 12:00:00,20,21834.0,20969.408454719138,21577.0,-0.3976698614237659,-0.015715660371114513,temps,0.013199467883131229
BTCUSD_4h,long,2023-02-22 16:00:00,2023-02-22 20:00:00,2023-02-26 04:00:00,20,23807.0,22588.758554578075,23153.0,-0.6139341284198122,-0.03135326356569852,temps,0.017057188297866517
BTCUSD_4h,long,2023-03-27 16:00:00,2023-03-27 20:00:00,2023-03-31 04:00:00,20,26980.0,25485.243338257762,27749.0,0.4412370366901468,0.024396795733958372,temps,0.018467465551547307
BTCUSD_4h,long,2023-04-17 16:00:00,2023-04-17 20:00:00,2023-04-19 20:00:00,12,29484.0,28605.556003757487,28605.556003757487,-1.1322555706504485,-0.03366700015550324,stop,0.009931307333271302
BTCUSD_4h,long,2023-04-20 00:00:00,2023-04-20 04:00:00,2023-04-21 16:00:00,9,28872.0,27686.96326011077,27686.96326011077,-1.0954552063346092,-0.04487266345700983,stop,0.013681499259827642
BTCUSD_4h,long,2023-07-07 00:00:00,2023-07-07 04:00:00,2023-07-10 12:00:00,20,30143.0,29037.87953212147,30317.0,0.0480309627256243,0.0017574246722690408,temps,0.012220863526949654
BTCUSD_4h,long,2023-07-14 20:00:00,2023-07-15 00:00:00,2023-07-18 08:00:00,20,30328.0,29093.571471982377,29888.0,-0.45400117323924966,-0.01844214498989362,temps,0.01356753416004596
BTCUSD_4h,long,2023-07-18 12:00:00,2023-07-18 16:00:00,2023-07-22 00:00:00,20,29903.0,29095.219572805436,29908.0,-0.1418974713191351,-0.003825476158674838,temps,0.00900445247627957
BTCUSD_4h,long,2023-09-21 16:00:00,2023-09-21 20:00:00,2023-09-25 04:00:00,20,26588.0,25755.178195230128,26181.0,-0.6154233679575989,-0.01923856514442157,temps,0.010441073727118383
BTCUSD_4h,long,2023-10-11 04:00:00,2023-10-11 08:00:00,2023-10-14 16:00:00,20,27023.0,26338.691299516962,26869.0,-0.38255249394785185,-0.00966811519986337,temps,0.008441065024646153
BTCUSD_4h,long,2023-11-14 20:00:00,2023-11-15 00:00:00,2023-11-18 08:00:00,20,35564.0,34103.81390310496,36416.0,0.4848970973669629,0.01986915832040791,temps,0.013685994234760294
BTCUSD_4h,long,2023-11-27 16:00:00,2023-11-27 20:00:00,2023-12-01 04:00:00,20,36880.0,35799.94818572651,38254.0,1.1330308266952522,0.03311522291642302,temps,0.009761856600447254
BTCUSD_4h,long,2023-12-11 08:00:00,2023-12-11 12:00:00,2023-12-11 16:00:00,1,42341.0,40525.22077716797,40525.22077716797,-1.0912734541018947,-0.046705475810297305,stop,0.014294885358022012
BTCUSD_4h,long,2023-12-11 20:00:00,2023-12-12 00:00:00,2023-12-15 08:00:00,20,41232.0,39138.098778220854,42780.0,0.6590454151545241,0.033401764573298166,temps,0.016927800589987902
BTCUSD_4h,long,2023-12-18 04:00:00,2023-12-18 08:00:00,2023-12-20 12:00:00,13,41085.0,39506.98724189236,44241.025516215275,1.891856355307879,0.07251830682514365,target,0.012802829565596816
BTCUSD_4h,long,2023-12-26 20:00:00,2023-12-27 00:00:00,2023-12-30 08:00:00,20,42511.0,41062.03777431895,41892.0,-0.5437036149301332,-0.01849482564357763,temps,0.011361468997679385
BTCUSD_4h,long,2024-01-03 20:00:00,2024-01-04 00:00:00,2024-01-07 08:00:00,20,42863.0,40393.654791592955,44084.0,0.4240419672531244,0.024380373937052283,temps,0.01920339382378777
BTCUSD_4h,long,2024-03-15 04:00:00,2024-03-15 08:00:00,2024-03-18 16:00:00,20,68440.0,63124.7836893247,66950.0,-0.33127156019287035,-0.02567600042463289,temps,0.02588747472567357
BTCUSD_4h,long,2024-03-19 12:00:00,2024-03-19 16:00:00,2024-03-23 00:00:00,20,63980.0,58626.75117213578,63577.0,-0.1229373080090074,-0.010265714273235358,temps,0.02789022000554454
BTCUSD_4h,long,2024-05-24 08:00:00,2024-05-24 12:00:00,2024-05-27 20:00:00,20,67304.0,64218.278043570026,69392.0,0.5880659455459877,0.02690755420100023,temps,0.015282508996146707
BTCUSD_4h,long,2024-06-07 20:00:00,2024-06-08 00:00:00,2024-06-11 08:00:00,20,69321.0,66700.39908401211,66700.39908401211,-1.1038093196519676,-0.04164495570184359,stop,0.012601284439962371
BTCUSD_4h,long,2024-06-11 16:00:00,2024-06-11 20:00:00,2024-06-14 16:00:00,17,67320.0,65080.72940103155,65080.72940103155,-1.1182534432971363,-0.037122310011149816,stop,0.011087693597585905
BTCUSD_4h,long,2024-07-25 04:00:00,2024-07-25 08:00:00,2024-07-28 16:00:00,20,64112.0,61302.5445675018,68107.0,1.3278594694355874,0.05807205778111842,temps,0.014607018095926917
BTCUSD_4h,long,2024-07-30 20:00:00,2024-07-31 00:00:00,2024-08-01 12:00:00,9,66170.0,63161.10458182631,63161.10458182631,-1.0859658357021438,-0.049282689379248824,stop,0.015157399718773331
BTCUSD_4h,long,2024-08-01 16:00:00,2024-08-01 20:00:00,2024-08-03 16:00:00,11,63340.0,60164.30372027181,60164.30372027181,-1.07778092918309,-0.05392916231270849,stop,0.016712431742596495
BTCUSD_4h,long,2024-08-27 16:00:00,2024-08-27 20:00:00,2024-08-27 20:00:00,0,62097.0,59898.37518035953,59898.37518035953,-1.1109742545345336,-0.039256970382169055,stop,0.011802098972255618
BTCUSD_4h,long,2024-09-30 04:00:00,2024-09-30 08:00:00,2024-10-01 12:00:00,7,64565.0,62847.11382131481,62847.11382131481,-1.1483359205076424,-0.030492880982058445,stop,0.008869026968611433
BTCUSD_4h,long,2024-10-02 00:00:00,2024-10-02 04:00:00,2024-10-05 12:00:00,20,61735.0,59127.91998105016,62177.0,0.07448026090055174,0.0031390365781759472,temps,0.014076725892658635
BTCUSD_4h,long,2024-10-23 16:00:00,2024-10-23 20:00:00,2024-10-27 04:00:00,20,66387.0,64105.379933831326,67112.0,0.20073543653964962,0.006885200782552164,temps,0.011456158917502303
BTCUSD_4h,long,2024-11-03 08:00:00,2024-11-03 12:00:00,2024-11-06 00:00:00,15,68338.0,65872.98628426633,73268.02743146734,1.8851073107401948,0.06786180889128117,target,0.01202363602355774
BTCUSD_4h,long,2024-11-26 00:00:00,2024-11-26 04:00:00,2024-11-29 12:00:00,20,94500.0,89778.00949803181,98141.0,0.6894799976075695,0.03438327577648928,temps,0.016656051153326957
BTCUSD_4h,long,2024-12-10 16:00:00,2024-12-10 20:00:00,2024-12-14 04:00:00,20,95904.0,90448.2400131826,101836.0,1.0148027063832954,0.057614583978522656,temps,0.01896257363897716
BTCUSD_4h,long,2024-12-19 00:00:00,2024-12-19 04:00:00,2024-12-19 20:00:00,4,101103.0,95978.42732389715,95978.42732389715,-1.0769162385940747,-0.05447632701867909,stop,0.016895550992891247
BTCUSD_4h,long,2025-01-27 12:00:00,2025-01-27 16:00:00,2025-01-31 00:00:00,20,101119.0,96002.2847753366,104337.0,0.5486113408206458,0.027704833215717355,temps,0.01686697595461255
BTCUSD_4h,long,2025-05-30 00:00:00,2025-05-30 04:00:00,2025-06-02 12:00:00,20,106036.0,102172.36688422134,104481.0,-0.5114445240491622,-0.0185983045414697,temps,0.012145664729521638
BTCUSD_4h,long,2025-06-12 12:00:00,2025-06-12 16:00:00,2025-06-13 00:00:00,2,107031.0,104043.92228602344,104043.92228602344,-1.1413253637817349,-0.03178913317751269,stop,0.009302842833623131
BTCUSD_4h,long,2025-07-01 20:00:00,2025-07-02 00:00:00,2025-07-03 12:00:00,9,105698.0,103282.2424090617,110529.5151818766,1.8209857512252368,0.04153607061938915,target,0.007618427314734113
BTCUSD_4h,long,2025-08-01 08:00:00,2025-08-01 12:00:00,2025-08-04 20:00:00,20,115260.0,111803.86131141864,115051.0,-0.19374859064896593,-0.005798068967045979,temps,0.009995195467006052
BTCUSD_4h,long,2025-08-14 20:00:00,2025-08-15 00:00:00,2025-08-18 08:00:00,20,118393.0,114085.68489917826,115005.0,-0.8949417235030225,-0.032494334938781747,temps,0.012127167149019904
BTCUSD_4h,long,2025-09-23 04:00:00,2025-09-23 08:00:00,2025-09-25 16:00:00,14,113153.0,110515.1620124694,110515.1620124694,-1.1695844574759888,-0.027211088340543636,stop,0.007770711595599444
BTCUSD_4h,long,2025-10-08 00:00:00,2025-10-08 04:00:00,2025-10-10 16:00:00,15,121441.0,117526.46638069586,117526.46638069586,-1.1220924327752606,-0.03609737361983186,stop,0.010744678813317152
BTCUSD_4h,long,2026-01-19 04:00:00,2026-01-19 08:00:00,2026-01-20 12:00:00,7,92788.0,90430.51284148694,90430.51284148694,-1.155435428082711,-0.029297831721520874,stop,0.008469080622900449
BTCUSD_4h,long,2026-03-18 20:00:00,2026-03-19 00:00:00,2026-03-22 08:00:00,20,71241.0,67850.44659013074,68222.0,-0.972680740082244,-0.04620012792315184,temps,0.01586424207908953
BTCUSD_4h,long,2026-04-27 16:00:00,2026-04-27 20:00:00,2026-05-01 04:00:00,20,76871.0,74491.83769631495,77111.0,-0.02856635711431885,-0.0008823658247371042,temps,0.01031668771355061
BTCUSD_4h,long,2026-05-13 16:00:00,2026-05-13 20:00:00,2026-05-17 04:00:00,20,79614.0,77149.76885198883,78151.0,-0.7217383001734295,-0.022294823020073837,temps,0.010317411292867933
BTCUSD_4h,long,2026-07-13 04:00:00,2026-07-13 08:00:00,2026-07-16 16:00:00,20,62941.18,61057.67420046219,64222.63,0.5453247769409778,0.01628619348300962,temps,0.009974952273100095
BTCUSD_4h,long,2026-07-24 16:00:00,2026-07-24 20:00:00,2026-07-28 04:00:00,20,64170.07,62299.564527547154,63433.8,-0.5300587218811195,-0.015419941765919296,temps,0.009716396197650235
BTCUSD_4h,long,2026-09-11 00:00:00,2026-09-11 04:00:00,2026-09-14 12:00:00,20,76852.73,74627.72672327778,78554.34,0.6250758704719136,0.018060774423488662,temps,0.009650506350358709
BTCUSD_4h,long,2026-09-16 00:00:00,2026-09-16 04:00:00,2026-09-18 00:00:00,11,75764.18,73037.70008179858,76525.14,0.1673884912752547,0.006011685458242808,temps,0.011995465923348856
